x,y
-32928.6571029555,-4804.6532334940
-32930.6544477288,-4806.7024573523
-32932.6517925021,-4808.7516812106
-32934.6491372754,-4810.8009050689
-32936.6464820486,-4812.8501289272
-32938.6438268219,-4814.8993527855
-32940.6411715952,-4816.9485766438
-32942.6385163685,-4818.9978005021
-32944.6358611417,-4821.0470243604
-32946.6332059150,-4823.0962482187
-32948.6305506883,-4825.1454720770
-32950.6278954616,-4827.1946959353
-32952.6252402349,-4829.2439197936
-32954.6225850081,-4831.2931436519
-32956.6199297814,-4833.3423675102
-32958.6172745547,-4835.3915913685
-32960.6146193280,-4837.4408152268
-32962.6119641013,-4839.4900390851
-32964.6093088745,-4841.5392629434
-32966.6066536478,-4843.5884868017
-32968.6039984211,-4845.6377106600
-32970.6013431944,-4847.6869345183
-32972.5986879677,-4849.7361583766
-32974.5960327409,-4851.7853822349
-32976.5933775142,-4853.8346060932
-32978.5907222875,-4855.8838299515
-32980.5880670608,-4857.9330538098
-32982.5854118341,-4859.9822776681
-32984.5827566073,-4862.0315015264
-32986.5801013806,-4864.0807253847
-32988.5774461539,-4866.1299492430
-32990.5747909272,-4868.1791731013
-32992.5721357004,-4870.2283969596
-32994.5694804737,-4872.2776208179
-32996.5668252470,-4874.3268446762
-32998.5641700203,-4876.3760685345
-33000.5615147936,-4878.4252923928
-33002.5588595668,-4880.4745162511
-33004.5562043401,-4882.5237401094
-33006.5535491134,-4884.5729639677
-33008.5508938867,-4886.6221878260
-33010.5482386600,-4888.6714116843
-33012.5455834332,-4890.7206355426
-33014.5429282065,-4892.7698594009
-33016.5402729798,-4894.8190832592
-33018.5376177531,-4896.8683071175
-33020.5349625264,-4898.9175309758
-33022.5323072996,-4900.9667548341
-33024.5296520729,-4903.0159786924
-33026.5269968462,-4905.0652025507
-33028.5243416195,-4907.1144264090
-33030.5216863928,-4909.1636502672
-33031.5333285506,-4910.4087483077
-33032.5449707085,-4911.6538463482
-33033.5566128664,-4912.8989443887
-33034.5682550243,-4914.1440424292
-33035.5798971822,-4915.3891404697
-33036.5915393401,-4916.6342385102
-33037.6031814980,-4917.8793365506
-33038.6148236559,-4919.1244345911
-33039.6264658138,-4920.3695326316
-33040.6381079717,-4921.6146306721
-33041.6497501296,-4922.8597287126
-33042.6613922875,-4924.1048267531
-33043.6730344454,-4925.3499247936
-33044.6846766033,-4926.5950228340
-33045.6963187612,-4927.8401208745
-33046.7079609191,-4929.0852189150
-33047.7196030770,-4930.3303169555
-33048.7312452349,-4931.5754149960
-33049.7428873927,-4932.8205130365
-33050.7545295506,-4934.0656110770
-33051.7661717085,-4935.3107091174
-33052.7778138664,-4936.5558071579
-33053.7894560243,-4937.8009051984
-33054.8010981822,-4939.0460032389
-33055.8127403401,-4940.2911012794
-33056.8243824980,-4941.5361993199
-33057.8360246559,-4942.7812973604
-33058.8476668138,-4944.0263954008
-33059.8593089717,-4945.2714934413
-33060.8709511296,-4946.5165914818
-33061.8825932875,-4947.7616895223
-33062.8942354454,-4949.0067875628
-33063.9058776033,-4950.2518856033
-33064.9175197612,-4951.4969836438
-33065.9291619191,-4952.7420816842
-33066.9408040770,-4953.9871797247
-33067.9524462349,-4955.2322777652
-33068.9640883927,-4956.4773758057
-33069.9757305506,-4957.7224738462
-33070.9873727085,-4958.9675718867
-33071.9990148664,-4960.2126699272
-33073.0106570243,-4961.4577679676
-33074.0222991822,-4962.7028660081
-33075.0339413401,-4963.9479640486
-33076.0455834980,-4965.1930620891
-33077.0572256559,-4966.4381601296
-33078.0688678138,-4967.6832581701
-33079.0805099717,-4968.9283562106
-33080.0921521296,-4970.1734542510
-33081.1037942875,-4971.4185522915
-33082.1154364454,-4972.6636503320
-33083.1011390608,-4973.9087483725
-33084.0868416761,-4975.1538464130
-33085.0725442915,-4976.3989444535
-33086.0582469069,-4977.6440424940
-33087.0439495223,-4978.8891405344
-33088.0296521377,-4980.1342385749
-33089.0153547531,-4981.3793366154
-33090.0010573684,-4982.6244346559
-33090.9867599838,-4983.8695326964
-33091.9724625992,-4985.1146307369
-33092.9581652146,-4986.3597287774
-33093.9438678300,-4987.6048268178
-33094.9295704454,-4988.8499248583
-33095.9152730608,-4990.0950228988
-33096.9009756761,-4991.3401209393
-33097.8866782915,-4992.5852189798
-33098.8723809069,-4993.8303170203
-33099.8580835223,-4995.0754150608
-33100.8437861377,-4996.3205131012
-33101.8294887531,-4997.5656111417
-33102.8151913684,-4998.8107091822
-33103.8008939838,-5000.0558072227
-33104.7865965992,-5001.3009052632
-33105.7722992146,-5002.5460033037
-33106.7580018300,-5003.7911013442
-33107.7437044454,-5005.0361993846
-33108.7294070608,-5006.2812974251
-33109.7151096761,-5007.5263954656
-33110.7008122915,-5008.7714935061
-33111.6865149069,-5010.0165915466
-33112.6722175223,-5011.2616895871
-33113.6579201377,-5012.5067876276
-33114.6436227531,-5013.7518856680
-33115.6293253684,-5014.9969837085
-33116.6150279838,-5016.2420817490
-33117.6007305992,-5017.4871797895
-33118.5864332146,-5018.7322778300
-33119.5721358300,-5019.9773758705
-33120.5578384454,-5021.2224739110
-33121.5435410607,-5022.4675719514
-33122.5292436761,-5023.7126699919
-33123.5149462915,-5024.9577680324
-33124.5006489069,-5026.2028660729
-33125.4863515223,-5027.4479641134
-33126.4720541377,-5028.6930621539
-33127.4577567531,-5029.9381601944
-33128.4434593684,-5031.1832582348
-33129.4291619838,-5032.4283562753
-33130.4148645992,-5033.6734543158
-33131.4005672146,-5034.9185523563
-33132.3862698300,-5036.1636503968
-33133.0606979352,-5037.2012320972
-33133.7351260405,-5038.2388137976
-33134.4095541458,-5039.2763954980
-33135.0839822510,-5040.3139771984
-33135.7584103563,-5041.3515588988
-33136.4328384616,-5042.3891405992
-33137.1072665668,-5043.4267222996
-33137.7816946721,-5044.4643040000
-33138.4561227773,-5045.5018857004
-33139.1305508826,-5046.5394674008
-33139.8049789879,-5047.5770491012
-33140.4794070931,-5048.6146308016
-33141.1538351984,-5049.6522125021
-33141.8282633037,-5050.6897942025
-33142.5026914089,-5051.7273759029
-33143.1771195142,-5052.7649576033
-33143.8515476195,-5053.8025393037
-33144.5259757247,-5054.8401210041
-33145.2004038300,-5055.8777027045
-33145.8748319352,-5056.9152844049
-33146.5492600405,-5057.9528661053
-33147.2236881458,-5058.9904478057
-33147.8981162510,-5060.0280295061
-33148.5725443563,-5061.0656112065
-33149.2469724616,-5062.1031929069
-33149.9214005668,-5063.1407746073
-33150.5958286721,-5064.1783563077
-33151.2702567773,-5065.2159380081
-33151.9446848826,-5066.2535197085
-33152.6191129879,-5067.2911014089
-33153.2935410931,-5068.3286831093
-33153.9679691984,-5069.3662648097
-33154.6423973037,-5070.4038465101
-33155.3168254089,-5071.4414282106
-33155.9912535142,-5072.4790099110
-33156.6656816195,-5073.5165916114
-33157.3401097247,-5074.5541733118
-33158.0145378300,-5075.5917550122
-33158.6889659352,-5076.6293367126
-33159.3633940405,-5077.6669184130
-33160.0378221458,-5078.7045001134
-33160.7122502510,-5079.7420818138
-33161.3866783563,-5080.7796635142
-33162.0611064616,-5081.8172452146
-33162.7355345668,-5082.8548269150
-33163.4099626721,-5083.8924086154
-33164.0843907773,-5084.9299903158
-33164.7588188826,-5085.9675720162
-33165.4332469879,-5087.0051537166
-33166.1076750931,-5088.0427354170
-33166.7821031984,-5089.0803171174
-33167.4565313037,-5090.4032337854
-33168.1309594089,-5091.7261504535
-33168.8053875142,-5093.0490671215
-33169.4798156195,-5094.3719837895
-33170.1542437247,-5095.6949004575
-33170.8286718300,-5097.0178171255
-33171.5030999352,-5098.3407337935
-33172.1775280405,-5099.6636504616
-33172.8519561458,-5100.9865671296
-33173.5263842510,-5102.3094837976
-33174.2008123563,-5103.6324004656
-33174.8752404616,-5104.9553171336
-33175.5496685668,-5106.2782338016
-33176.2240966721,-5107.6011504697
-33176.8985247773,-5108.9240671377
-33177.5729528826,-5110.2469838057
-33178.2473809879,-5111.5699004737
-33178.9218090931,-5112.8928171417
-33179.5962371984,-5114.2157338097
-33180.2706653037,-5115.5386504778
-33180.9450934089,-5116.8615671458
-33181.6195215142,-5118.1844838138
-33182.2939496195,-5119.5074004818
-33182.9683777247,-5120.8303171498
-33183.6428058300,-5122.1532338178
-33184.3172339352,-5123.4761504858
-33184.9916620405,-5124.7990671539
-33185.6660901458,-5126.1219838219
-33186.3405182510,-5127.4449004899
-33187.0149463563,-5128.7678171579
-33187.6893744616,-5130.0907338259
-33188.3638025668,-5131.4136504939
-33189.0382306721,-5132.7365671620
-33189.7126587773,-5134.0594838300
-33190.3870868826,-5135.3824004980
-33191.0615149879,-5136.7053171660
-33191.7359430931,-5138.0282338340
-33192.4103711984,-5139.3511505020
-33193.0847993037,-5140.6740671701
-33193.7592274089,-5141.9969838381
-33194.4336555142,-5143.3199005061
-33195.1080836195,-5144.6428171741
-33195.7825117247,-5145.9657338421
-33196.4569398300,-5147.2886505101
-33197.1313679352,-5148.6115671782
-33197.8057960405,-5149.9344838462
-33198.4802241458,-5151.2574005142
-33199.1546522510,-5152.5803171822
-33199.8290803563,-5153.9032338502
-33200.5035084616,-5155.2261505182
-33201.1779365668,-5156.5490671863
-33201.5151506195,-5157.6644675142
-33201.8523646721,-5158.7798678421
-33202.1895787247,-5159.8952681701
-33202.5267927773,-5161.0106684980
-33202.8640068300,-5162.1260688259
-33203.2012208826,-5163.2414691539
-33203.5384349352,-5164.3568694818
-33203.8756489879,-5165.4722698097
-33204.2128630405,-5166.5876701377
-33204.5500770931,-5167.7030704656
-33204.8872911458,-5168.8184707935
-33205.2245051984,-5169.9338711215
-33205.5617192510,-5171.0492714494
-33205.8989333037,-5172.1646717773
-33206.2361473563,-5173.2800721053
-33206.5733614089,-5174.3954724332
-33206.9105754616,-5175.5108727611
-33207.2477895142,-5176.6262730891
-33207.5850035668,-5177.7416734170
-33207.9222176195,-5178.8570737450
-33208.2594316721,-5179.9724740729
-33208.5966457247,-5181.0878744008
-33208.9338597773,-5182.2032747288
-33209.2710738300,-5183.3186750567
-33209.6082878826,-5184.4340753846
-33209.9455019352,-5185.5494757126
-33210.2827159879,-5186.6648760405
-33210.6199300405,-5187.7802763684
-33210.9571440931,-5188.8956766964
-33211.2943581458,-5190.0110770243
-33211.6315721984,-5191.1264773522
-33211.9687862510,-5192.2418776802
-33212.3060003037,-5193.3572780081
-33212.6432143563,-5194.4726783360
-33212.9804284089,-5195.5880786640
-33213.3176424616,-5196.7034789919
-33213.6548565142,-5197.8188793198
-33213.9920705668,-5198.9342796478
-33214.3292846194,-5200.0496799757
-33214.6664986721,-5201.1650803037
-33215.0037127247,-5202.2804806316
-33215.3409267773,-5203.3958809595
-33215.6781408300,-5204.5112812875
-33216.0153548826,-5205.6266816154
-33216.3525689352,-5206.7420819433
-33216.6897829879,-5207.8574822713
-33217.0269970405,-5208.9728825992
-33217.3642110931,-5210.0882829271
-33217.7014251458,-5211.2036832551
-33218.0386391984,-5212.3190835830
-33218.3758532510,-5213.4344839109
-33218.7649463887,-5214.8870982915
-33219.1540395263,-5216.3397126721
-33219.5431326640,-5217.7923270526
-33219.9322258016,-5219.2449414332
-33220.3213189393,-5220.6975558138
-33220.7104120769,-5222.1501701943
-33221.0995052146,-5223.6027845749
-33221.4885983522,-5225.0553989555
-33221.8776914899,-5226.5080133360
-33222.2667846275,-5227.9606277166
-33222.6558777652,-5229.4132420972
-33223.0449709029,-5230.8658564777
-33223.4340640405,-5232.3184708583
-33223.8231571782,-5233.7710852389
-33224.2122503158,-5235.2236996194
-33224.6013434535,-5236.6763140000
-33224.9904365911,-5238.1289283806
-33225.3795297288,-5239.5815427611
-33225.7686228664,-5241.0341571417
-33226.1577160041,-5242.4867715223
-33226.5468091417,-5243.9393859028
-33226.9359022794,-5245.3920002834
-33227.3249954170,-5246.8446146640
-33227.7140885547,-5248.2972290445
-33228.1031816923,-5249.7498434251
-33228.4922748300,-5251.2024578057
-33228.8813679676,-5252.6550721862
-33229.2704611053,-5254.1076865668
-33229.6595542429,-5255.5603009474
-33230.0486473806,-5257.0129153279
-33230.4377405182,-5258.4655297085
-33230.8268336559,-5259.9181440891
-33231.2159267935,-5261.3707584696
-33231.6050199312,-5262.8233728502
-33231.9941130688,-5264.2759872308
-33232.3832062065,-5265.7286016113
-33232.7722993441,-5267.1812159919
-33233.1613924818,-5268.6338303725
-33233.5504856194,-5270.0864447530
-33233.9395787571,-5271.5390591336
-33234.3286718948,-5272.9916735142
-33234.7177650324,-5274.4442878947
-33235.1068581701,-5275.8969022753
-33235.4959513077,-5277.3495166559
-33235.8850444454,-5278.8021310364
-33236.2741375830,-5280.2547454170
-33236.6632307207,-5281.7073597976
-33237.0523238583,-5283.1599741781
-33237.4414169960,-5284.6125885587
-33237.8305101336,-5286.0652029393
-33238.2196032713,-5287.5178173198
-33239.0496686316,-5289.1001294130
-33239.8797339919,-5290.6824415061
-33240.7097993522,-5292.2647535992
-33241.5398647126,-5293.8470656923
-33242.3699300729,-5295.4293777854
-33243.1999954332,-5297.0116898785
-33244.0300607935,-5298.5940019717
-33244.8601261539,-5300.1763140648
-33245.6901915142,-5301.7586261579
-33246.5202568745,-5303.3409382510
-33247.3503222348,-5304.9232503441
-33248.1803875952,-5306.5055624372
-33249.0104529555,-5308.0878745304
-33249.8405183158,-5309.6701866235
-33250.6705836761,-5311.2524987166
-33251.5006490364,-5312.8348108097
-33252.3307143968,-5314.4171229028
-33253.1607797571,-5315.9994349959
-33253.9908451174,-5317.5817470891
-33254.8209104777,-5319.1640591822
-33255.6509758381,-5320.7463712753
-33256.4810411984,-5322.3286833684
-33257.3111065587,-5323.9109954615
-33258.1411719190,-5325.4933075547
-33258.9712372794,-5327.0756196478
-33259.8013026397,-5328.6579317409
-33260.6313680000,-5330.2402438340
-33261.4614333603,-5331.8225559271
-33262.2914987207,-5333.4048680202
-33263.1215640810,-5334.9871801134
-33263.9516294413,-5336.5694922065
-33264.7816948016,-5338.1518042996
-33265.6117601620,-5339.7341163927
-33266.4418255223,-5341.3164284858
-33267.2718908826,-5342.8987405789
-33268.1019562429,-5344.4810526721
-33268.9320216032,-5346.0633647652
-33269.7620869636,-5347.6456768583
-33270.5921523239,-5349.2279889514
-33271.4222176842,-5350.8103010445
-33272.2522830445,-5352.3926131376
-33273.0823484049,-5353.9749252308
-33273.9124137652,-5355.5572373239
-33274.7424791255,-5357.1395494170
-33275.5725444858,-5358.7218615101
-33276.4026098462,-5360.3041736032
-33277.2326752065,-5361.8864856963
-33278.0627405668,-5363.4687977895
-33278.8928059271,-5365.0511098826
-33279.7228712875,-5366.6334219757
-33280.5529366478,-5368.2157340688
-33281.4348810931,-5369.3051948542
-33282.3168255385,-5370.3946556397
-33283.1987699838,-5371.4841164251
-33284.0807144292,-5372.5735772105
-33284.9626588745,-5373.6630379959
-33285.8446033198,-5374.7524987814
-33286.7265477652,-5375.8419595668
-33287.6084922105,-5376.9314203522
-33288.4904366559,-5378.0208811376
-33289.3723811012,-5379.1103419231
-33290.2543255466,-5380.1998027085
-33291.1362699919,-5381.2892634939
-33292.0182144373,-5382.3787242793
-33292.9001588826,-5383.4681850648
-33293.7821033279,-5384.5576458502
-33294.6640477733,-5385.6471066356
-33295.5459922186,-5386.7365674210
-33296.4279366640,-5387.8260282065
-33297.3098811093,-5388.9154889919
-33298.1918255547,-5390.0049497773
-33299.0737700000,-5391.0944105627
-33299.9557144454,-5392.1838713482
-33300.8376588907,-5393.2733321336
-33301.7196033360,-5394.3627929190
-33302.6015477814,-5395.4522537044
-33303.4834922267,-5396.5417144899
-33304.3654366721,-5397.6311752753
-33305.2473811174,-5398.7206360607
-33306.1293255628,-5399.8100968461
-33307.0112700081,-5400.8995576316
-33307.8932144534,-5401.9890184170
-33308.7751588988,-5403.0784792024
-33309.6571033441,-5404.1679399878
-33310.5390477895,-5405.2574007733
-33311.4209922348,-5406.3468615587
-33312.3029366802,-5407.4363223441
-33313.1848811255,-5408.5257831295
-33314.0668255709,-5409.6152439150
-33314.9487700162,-5410.7047047004
-33315.8307144615,-5411.7941654858
-33316.7126589069,-5412.8836262712
-33317.5946033522,-5413.9730870567
-33318.4765477976,-5415.0625478421
-33319.3584922429,-5416.1520086275
-33320.2404366883,-5417.2414694129
-33321.1223811336,-5418.3309301984
-33322.0043255790,-5419.4203909838
-33322.8862700243,-5420.5098517692
-33323.7682144696,-5421.5993125546
-33324.6501589150,-5422.6887733401
-33325.5321033603,-5423.7782341255
-33326.0768337530,-5424.2970249757
-33326.6215641458,-5424.8158158259
-33327.1662945385,-5425.3346066761
-33327.7110249312,-5425.8533975263
-33328.2557553239,-5426.3721883765
-33328.8004857166,-5426.8909792267
-33329.3452161093,-5427.4097700769
-33329.8899465020,-5427.9285609271
-33330.4346768947,-5428.4473517773
-33330.9794072875,-5428.9661426275
-33331.5241376802,-5429.4849334777
-33332.0688680729,-5430.0037243279
-33332.6135984656,-5430.5225151781
-33333.1583288583,-5431.0413060283
-33333.7030592510,-5431.5600968785
-33334.2477896437,-5432.0788877287
-33334.7925200364,-5432.5976785789
-33335.3372504292,-5433.1164694291
-33335.8819808219,-5433.6352602793
-33336.4267112146,-5434.1540511295
-33336.9714416073,-5434.6728419797
-33337.5161720000,-5435.1916328299
-33338.0609023927,-5435.7104236801
-33338.6056327854,-5436.2292145303
-33339.1503631781,-5436.7480053806
-33339.6950935708,-5437.2667962308
-33340.2398239636,-5437.7855870810
-33340.7845543563,-5438.3043779312
-33341.3292847490,-5438.8231687814
-33341.8740151417,-5439.3419596316
-33342.4187455344,-5439.8607504818
-33342.9634759271,-5440.3795413320
-33343.5082063198,-5440.8983321822
-33344.0529367126,-5441.4171230324
-33344.5976671053,-5441.9359138826
-33345.1423974980,-5442.4547047328
-33345.6871278907,-5442.9734955830
-33346.2318582834,-5443.4922864332
-33346.7765886761,-5444.0110772834
-33347.3213190688,-5444.5298681336
-33347.8660494615,-5445.0486589838
-33348.4107798542,-5445.5674498340
-33348.9555102470,-5446.0862406842
-33349.5002406397,-5446.6050315344
-33350.0449710324,-5447.1238223846
-33350.5897014251,-5447.6426132348
-33351.1344318178,-5448.1614040850
-33351.6791622105,-5448.6801949352
-33352.2238926032,-5449.1989857854
-33352.7686229959,-5449.7177766356
-33353.3133533887,-5450.2365674858
-33354.5065723441,-5451.1444514737
-33355.6997912996,-5452.0523354615
-33356.8930102551,-5452.9602194494
-33358.0862292105,-5453.8681034372
-33359.2794481660,-5454.7759874251
-33360.4726671215,-5455.6838714129
-33361.6658860769,-5456.5917554008
-33362.8591050324,-5457.4996393886
-33364.0523239878,-5458.4075233765
-33365.2455429433,-5459.3154073644
-33366.4387618988,-5460.2232913522
-33367.6319808542,-5461.1311753401
-33368.8251998097,-5462.0390593279
-33370.0184187652,-5462.9469433158
-33371.2116377206,-5463.8548273036
-33372.4048566761,-5464.7627112915
-33373.5980756316,-5465.6705952793
-33374.7912945870,-5466.5784792672
-33375.9845135425,-5467.4863632550
-33377.1777324980,-5468.3942472429
-33378.3709514534,-5469.3021312308
-33379.5641704089,-5470.2100152186
-33380.7573893644,-5471.1178992065
-33381.9506083198,-5472.0257831943
-33383.1438272753,-5472.9336671822
-33384.3370462308,-5473.8415511700
-33385.5302651862,-5474.7494351579
-33386.7234841417,-5475.6573191457
-33387.9167030972,-5476.5652031336
-33389.1099220526,-5477.4730871214
-33390.3031410081,-5478.3809711093
-33391.4963599636,-5479.2888550971
-33392.6895789190,-5480.1967390850
-33393.8827978745,-5481.1046230729
-33395.0760168299,-5482.0125070607
-33396.2692357854,-5482.9203910486
-33397.4624547409,-5483.8282750364
-33398.6556736963,-5484.7361590243
-33399.8488926518,-5485.6440430121
-33401.0421116073,-5486.5519270000
-33402.2353305627,-5487.4598109878
-33403.4285495182,-5488.3676949757
-33404.6217684737,-5489.2755789635
-33405.8149874291,-5490.1834629514
-33407.0082063846,-5491.0913469392
-33408.2014253401,-5491.9992309271
-33409.3946442955,-5492.9071149150
-33410.5878632510,-5493.8149989028
-33411.7810822065,-5494.7228828907
-33412.9743011619,-5495.6307668785
-33414.1675201174,-5496.5386508664
-33415.7238926680,-5497.5762325668
-33417.2802652186,-5498.6138142672
-33418.8366377692,-5499.6513959676
-33420.3930103198,-5500.6889776680
-33421.9493828704,-5501.7265593684
-33423.5057554210,-5502.7641410688
-33425.0621279716,-5503.8017227692
-33426.6185005223,-5504.8393044696
-33428.1748730729,-5505.8768861700
-33429.7312456235,-5506.9144678704
-33431.2876181741,-5507.9520495708
-33432.8439907247,-5508.9896312712
-33434.4003632753,-5510.0272129716
-33435.9567358259,-5511.0647946720
-33437.5131083765,-5512.1023763724
-33439.0694809271,-5513.1399580729
-33440.6258534777,-5514.1775397733
-33442.1822260283,-5515.2151214737
-33443.7385985789,-5516.2527031741
-33445.2949711295,-5517.2902848745
-33446.8513436801,-5518.3278665749
-33448.4077162308,-5519.3654482753
-33449.9640887814,-5520.4030299757
-33451.5204613320,-5521.4406116761
-33453.0768338826,-5522.4781933765
-33454.6332064332,-5523.5157750769
-33456.1895789838,-5524.5533567773
-33457.7459515344,-5525.5909384777
-33459.3023240850,-5526.6285201781
-33460.8586966356,-5527.6661018785
-33462.4150691862,-5528.7036835789
-33463.9714417368,-5529.7412652793
-33465.5278142874,-5530.7788469797
-33467.0841868380,-5531.8164286801
-33468.6405593886,-5532.8540103805
-33470.1969319393,-5533.8915920809
-33471.7533044899,-5534.9291737813
-33473.3096770405,-5535.9667554818
-33474.8660495911,-5537.0043371822
-33476.4224221417,-5538.0419188826
-33477.9787946923,-5539.0795005830
-33479.5351672429,-5540.1170822834
-33481.0915397935,-5541.1546639838
-33482.6479123441,-5542.1922456842
-33484.2042848947,-5543.2298273846
-33485.7606574453,-5544.2674090850
-33487.3170299959,-5545.3049907854
-33488.8734025465,-5546.3425724858
-33490.4297750971,-5547.3801541862
-33491.9861476478,-5548.4177358866
-33493.5425201984,-5549.4553175870
-33494.7616786963,-5550.2853829473
-33495.9808371943,-5551.1154483077
-33497.1999956923,-5551.9455136680
-33498.4191541903,-5552.7755790283
-33499.6383126882,-5553.6056443886
-33500.8574711862,-5554.4357097490
-33502.0766296842,-5555.2657751093
-33503.2957881822,-5556.0958404696
-33504.5149466801,-5556.9259058299
-33505.7341051781,-5557.7559711903
-33506.9532636761,-5558.5860365506
-33508.1724221741,-5559.4161019109
-33509.3915806720,-5560.2461672712
-33510.6107391700,-5561.0762326315
-33511.8298976680,-5561.9062979919
-33513.0490561660,-5562.7363633522
-33514.2682146639,-5563.5664287125
-33515.4873731619,-5564.3964940728
-33516.7065316599,-5565.2265594332
-33517.9256901579,-5566.0566247935
-33519.1448486558,-5566.8866901538
-33520.3640071538,-5567.7167555141
-33521.5831656518,-5568.5468208745
-33522.8023241498,-5569.3768862348
-33524.0214826477,-5570.2069515951
-33525.2406411457,-5571.0370169554
-33526.4597996437,-5571.8670823158
-33527.6789581417,-5572.6971476761
-33528.8981166397,-5573.5272130364
-33530.1172751376,-5574.3572783967
-33531.3364336356,-5575.1873437571
-33532.5555921336,-5576.0174091174
-33533.7747506316,-5576.8474744777
-33534.9939091295,-5577.6775398380
-33536.2130676275,-5578.5076051983
-33537.4322261255,-5579.3376705587
-33538.6513846235,-5580.1677359190
-33539.8705431214,-5580.9978012793
-33541.0897016194,-5581.8278666396
-33542.3088601174,-5582.6579320000
-33543.5280186154,-5583.4879973603
-33544.7471771133,-5584.3180627206
-33545.9663356113,-5585.1481280809
-33547.1854941093,-5585.9781934413
-33548.4046526073,-5586.8082588016
-33549.6238111052,-5587.6383241619
-33550.8429696032,-5588.4683895222
-33552.0621281012,-5589.2984548826
-33553.2812865992,-5590.1285202429
-33554.5004450971,-5590.9585856032
-33555.7196035951,-5591.7886509635
-33556.3680921579,-5592.6187163239
-33557.0165807206,-5593.4487816842
-33557.6650692834,-5594.2788470445
-33558.3135578461,-5595.1089124048
-33558.9620464089,-5595.9389777651
-33559.6105349716,-5596.7690431255
-33560.2590235344,-5597.5991084858
-33560.9075120971,-5598.4291738461
-33561.5560006599,-5599.2592392064
-33562.2044892226,-5600.0893045668
-33562.8529777854,-5600.9193699271
-33563.5014663482,-5601.7494352874
-33564.1499549109,-5602.5795006477
-33564.7984434737,-5603.4095660081
-33565.4469320364,-5604.2396313684
-33566.0954205992,-5605.0696967287
-33566.7439091619,-5605.8997620890
-33567.3923977247,-5606.7298274494
-33568.0408862874,-5607.5598928097
-33568.6893748502,-5608.3899581700
-33569.3378634129,-5609.2200235303
-33569.9863519757,-5610.0500888907
-33570.6348405384,-5610.8801542510
-33571.2833291012,-5611.7102196113
-33571.9318176639,-5612.5402849716
-33572.5803062267,-5613.3703503319
-33573.2287947894,-5614.2004156923
-33573.8772833522,-5615.0304810526
-33574.5257719150,-5615.8605464129
-33575.1742604777,-5616.6906117732
-33575.8227490405,-5617.5206771336
-33576.4712376032,-5618.3507424939
-33577.1197261660,-5619.1808078542
-33577.7682147287,-5620.0108732145
-33578.4167032915,-5620.8409385749
-33579.0651918542,-5621.6710039352
-33579.7136804170,-5622.5010692955
-33580.3621689797,-5623.3311346558
-33581.0106575425,-5624.1612000162
-33581.6591461052,-5624.9912653765
-33582.3076346680,-5625.8213307368
-33582.9561232307,-5626.6513960971
-33583.6046117935,-5627.4814614575
-33584.2531003563,-5628.3115268178
-33584.9015889190,-5629.1415921781
-33585.5500774818,-5629.9716575384
-33586.1985660445,-5630.8017228987
-33586.8470546073,-5631.6317882591
-33587.4955431700,-5632.4618536194
-33588.1440317328,-5633.2919189797
-33588.7925202955,-5634.1219843400
-33589.4150693158,-5635.0298683279
-33590.0376183360,-5635.9377523158
-33590.6601673563,-5636.8456363036
-33591.2827163765,-5637.7535202915
-33591.9052653967,-5638.6614042793
-33592.5278144170,-5639.5692882672
-33593.1503634372,-5640.4771722550
-33593.7729124575,-5641.3850562429
-33594.3954614777,-5642.2929402307
-33595.0180104979,-5643.2008242186
-33595.6405595182,-5644.1087082064
-33596.2631085384,-5645.0165921943
-33596.8856575587,-5645.9244761821
-33597.5082065789,-5646.8323601700
-33598.1307555992,-5647.7402441579
-33598.7533046194,-5648.6481281457
-33599.3758536396,-5649.5560121336
-33599.9984026599,-5650.4638961214
-33600.6209516801,-5651.3717801093
-33601.2435007004,-5652.2796640971
-33601.8660497206,-5653.1875480850
-33602.4885987409,-5654.0954320728
-33603.1111477611,-5655.0033160607
-33603.7336967813,-5655.9112000485
-33604.3562458016,-5656.8190840364
-33604.9787948218,-5657.7269680243
-33605.6013438421,-5658.6348520121
-33606.2238928623,-5659.5427360000
-33606.8464418826,-5660.4506199878
-33607.4689909028,-5661.3585039757
-33608.0915399230,-5662.2663879635
-33608.7140889433,-5663.1742719514
-33609.3366379635,-5664.0821559392
-33609.9591869838,-5664.9900399271
-33610.5817360040,-5665.8979239149
-33611.2042850243,-5666.8058079028
-33611.8268340445,-5667.7136918906
-33612.4493830647,-5668.6215758785
-33613.0719320850,-5669.5294598664
-33613.6944811052,-5670.4373438542
-33614.3170301255,-5671.3452278421
-33614.9395791457,-5672.2531118299
-33615.5621281660,-5673.1609958178
-33616.1846771862,-5674.0688798056
-33616.8072262064,-5674.9767637935
-33617.4297752267,-5675.8846477813
-33618.0523242469,-5676.7925317692
-33618.6748732672,-5677.7004157570
-33619.2974222874,-5678.6082997449
-33619.9199713077,-5679.5161837328
-33620.5425203279,-5680.4240677206
-33621.1910088906,-5681.8248030162
-33621.8394974534,-5683.2255383117
-33622.4879860162,-5684.6262736072
-33623.1364745789,-5686.0270089028
-33623.7849631417,-5687.4277441983
-33624.4334517044,-5688.8284794939
-33625.0819402672,-5690.2292147894
-33625.7304288299,-5691.6299500850
-33626.3789173927,-5693.0306853805
-33627.0274059554,-5694.4314206761
-33627.6758945182,-5695.8321559716
-33628.3243830809,-5697.2328912672
-33628.9728716437,-5698.6336265627
-33629.6213602064,-5700.0343618583
-33630.2698487692,-5701.4350971538
-33630.9183373319,-5702.8358324493
-33631.5668258947,-5704.2365677449
-33632.2153144575,-5705.6373030404
-33632.8638030202,-5707.0380383360
-33633.5122915830,-5708.4387736315
-33634.1607801457,-5709.8395089271
-33634.8092687085,-5711.2402442226
-33635.4577572712,-5712.6409795182
-33636.1062458340,-5714.0417148137
-33636.7547343967,-5715.4424501093
-33637.4032229595,-5716.8431854048
-33638.0517115222,-5718.2439207004
-33638.7002000850,-5719.6446559959
-33639.3486886477,-5721.0453912915
-33639.9971772105,-5722.4461265870
-33640.6456657732,-5723.8468618825
-33641.2941543360,-5725.2475971781
-33641.9426428987,-5726.6483324736
-33642.5911314615,-5728.0490677692
-33643.2396200243,-5729.4498030647
-33643.8881085870,-5730.8505383603
-33644.5365971498,-5732.2512736558
-33645.1850857125,-5733.6520089514
-33645.8335742753,-5735.0527442469
-33646.4820628380,-5736.4534795425
-33647.1305514008,-5737.8542148380
-33647.7790399635,-5739.2549501336
-33648.4275285263,-5740.6556854291
-33649.0760170890,-5742.0564207246
-33649.7245056518,-5743.4571560202
-33650.3729942145,-5744.8578913157
-33651.0214827773,-5746.2586266113
-33651.6699713400,-5747.6593619068
-33652.3184599028,-5749.0600972024
-33652.9669484655,-5750.4608324979
-33653.6154370283,-5751.8615677935
-33654.6530187287,-5753.4179403441
-33655.6906004291,-5754.9743128947
-33656.7281821295,-5756.5306854453
-33657.7657638299,-5758.0870579959
-33658.8033455303,-5759.6434305465
-33659.8409272307,-5761.1998030971
-33660.8785089311,-5762.7561756477
-33661.9160906315,-5764.3125481983
-33662.9536723319,-5765.8689207489
-33663.9912540323,-5767.4252932995
-33665.0288357328,-5768.9816658501
-33666.0664174332,-5770.5380384008
-33667.1039991336,-5772.0944109514
-33668.1415808340,-5773.6507835020
-33669.1791625344,-5775.2071560526
-33670.2167442348,-5776.7635286032
-33671.2543259352,-5778.3199011538
-33672.2919076356,-5779.8762737044
-33673.3294893360,-5781.4326462550
-33674.3670710364,-5782.9890188056
-33675.4046527368,-5784.5453913562
-33676.4422344372,-5786.1017639068
-33677.4798161376,-5787.6581364574
-33678.5173978380,-5789.2145090080
-33679.5549795384,-5790.7708815586
-33680.5925612388,-5792.3272541093
-33681.6301429392,-5793.8836266599
-33682.6677246396,-5795.4399992105
-33683.7053063400,-5796.9963717611
-33684.7428880404,-5798.5527443117
-33685.7804697408,-5800.1091168623
-33686.8180514413,-5801.6654894129
-33687.8556331417,-5803.2218619635
-33688.8932148421,-5804.7782345141
-33689.9307965425,-5806.3346070647
-33690.9683782429,-5807.8909796153
-33692.0059599433,-5809.4473521659
-33693.0435416437,-5811.0037247165
-33694.0811233441,-5812.5600972671
-33695.1187050445,-5814.1164698178
-33696.1562867449,-5815.6728423684
-33697.1938684453,-5817.2292149190
-33698.2314501457,-5818.7855874696
-33699.2690318461,-5820.3419600202
-33700.3066135465,-5821.8983325708
-33701.3441952469,-5823.4547051214
-33702.3817769473,-5825.0110776720
-33703.4193586477,-5826.5674502226
-33704.4569403481,-5828.1238227732
-33705.4945220485,-5829.6801953238
-33706.5321037489,-5831.2365678744
-33707.2065318542,-5832.3779077449
-33707.8809599595,-5833.5192476153
-33708.5553880647,-5834.6605874858
-33709.2298161700,-5835.8019273562
-33709.9042442753,-5836.9432672267
-33710.5786723805,-5838.0846070971
-33711.2531004858,-5839.2259469676
-33711.9275285911,-5840.3672868380
-33712.6019566963,-5841.5086267084
-33713.2763848016,-5842.6499665789
-33713.9508129068,-5843.7913064493
-33714.6252410121,-5844.9326463198
-33715.2996691174,-5846.0739861902
-33715.9740972226,-5847.2153260607
-33716.6485253279,-5848.3566659311
-33717.3229534332,-5849.4980058016
-33717.9973815384,-5850.6393456720
-33718.6718096437,-5851.7806855424
-33719.3462377489,-5852.9220254129
-33720.0206658542,-5854.0633652833
-33720.6950939595,-5855.2047051538
-33721.3695220647,-5856.3460450242
-33722.0439501700,-5857.4873848947
-33722.7183782753,-5858.6287247651
-33723.3928063805,-5859.7700646356
-33724.0672344858,-5860.9114045060
-33724.7416625910,-5862.0527443765
-33725.4160906963,-5863.1940842469
-33726.0905188016,-5864.3354241173
-33726.7649469068,-5865.4767639878
-33727.4393750121,-5866.6181038582
-33728.1138031174,-5867.7594437287
-33728.7882312226,-5868.9007835991
-33729.4626593279,-5870.0421234696
-33730.1370874332,-5871.1834633400
-33730.8115155384,-5872.3248032105
-33731.4859436437,-5873.4661430809
-33732.1603717489,-5874.6074829514
-33732.8347998542,-5875.7488228218
-33733.5092279595,-5876.8901626922
-33734.1836560647,-5878.0315025627
-33734.8580841700,-5879.1728424331
-33735.5325122753,-5880.3141823036
-33736.2069403805,-5881.4555221740
-33736.8813684858,-5882.5968620445
-33737.5557965910,-5883.7382019149
-33738.2302246963,-5884.8795417854
-33738.9046528016,-5886.0208816558
-33739.5790809068,-5887.1622215262
-33740.2535090121,-5888.3035613967
-33740.9279371174,-5889.4449012671
-33741.8877001902,-5890.2490270850
-33742.8474632631,-5891.0531529028
-33743.8072263360,-5891.8572787206
-33744.7669894089,-5892.6614045384
-33745.7267524817,-5893.4655303562
-33746.6865155546,-5894.2696561740
-33747.6462786275,-5895.0737819918
-33748.6060417004,-5895.8779078096
-33749.5658047732,-5896.6820336275
-33750.5255678461,-5897.4861594453
-33751.4853309190,-5898.2902852631
-33752.4450939918,-5899.0944110809
-33753.4048570647,-5899.8985368987
-33754.3646201376,-5900.7026627165
-33755.3243832105,-5901.5067885343
-33756.2841462833,-5902.3109143522
-33757.2439093562,-5903.1150401700
-33758.2036724291,-5903.9191659878
-33759.1634355020,-5904.7232918056
-33760.1231985748,-5905.5274176234
-33761.0829616477,-5906.3315434412
-33762.0427247206,-5907.1356692590
-33763.0024877935,-5907.9397950769
-33763.9622508663,-5908.7439208947
-33764.9220139392,-5909.5480467125
-33765.8817770121,-5910.3521725303
-33766.8415400850,-5911.1562983481
-33767.8013031578,-5911.9604241659
-33768.7610662307,-5912.7645499837
-33769.7208293036,-5913.5686758016
-33770.6805923765,-5914.3728016194
-33771.6403554493,-5915.1769274372
-33772.6001185222,-5915.9810532550
-33773.5598815951,-5916.7851790728
-33774.5196446680,-5917.5893048906
-33775.4794077408,-5918.3934307084
-33776.4391708137,-5919.1975565262
-33777.3989338866,-5920.0016823441
-33778.3586969595,-5920.8058081619
-33779.3184600323,-5921.6099339797
-33780.2782231052,-5922.4140597975
-33781.2379861781,-5923.2181856153
-33782.1977492510,-5924.0223114331
-33783.1575123238,-5924.8264372509
-33784.1172753967,-5925.6305630688
-33785.0770384696,-5926.4346888866
-33786.0368015425,-5927.2388147044
-33786.9965646153,-5928.0429405222
-33787.9563276882,-5928.8470663400
-33788.9160907611,-5929.6511921578
-33789.8758538340,-5930.4553179756
-33790.9134355344,-5931.2853833360
-33791.9510172348,-5932.1154486963
-33792.9885989352,-5932.9455140566
-33794.0261806356,-5933.7755794169
-33795.0637623360,-5934.6056447773
-33796.1013440364,-5935.4357101376
-33797.1389257368,-5936.2657754979
-33798.1765074372,-5937.0958408582
-33799.2140891376,-5937.9259062186
-33800.2516708380,-5938.7559715789
-33801.2892525384,-5939.5860369392
-33802.3268342388,-5940.4161022995
-33803.3644159392,-5941.2461676598
-33804.4019976396,-5942.0762330202
-33805.4395793400,-5942.9062983805
-33806.4771610404,-5943.7363637408
-33807.5147427408,-5944.5664291011
-33808.5523244412,-5945.3964944615
-33809.5899061416,-5946.2265598218
-33810.6274878420,-5947.0566251821
-33811.6650695425,-5947.8866905424
-33812.7026512429,-5948.7167559028
-33813.7402329433,-5949.5468212631
-33814.7778146437,-5950.3768866234
-33815.8153963441,-5951.2069519837
-33816.8529780445,-5952.0370173441
-33817.8905597449,-5952.8670827044
-33818.9281414453,-5953.6971480647
-33819.9657231457,-5954.5272134250
-33821.0033048461,-5955.3572787854
-33822.0408865465,-5956.1873441457
-33823.0784682469,-5957.0174095060
-33824.1160499473,-5957.8474748663
-33825.1536316477,-5958.6775402266
-33826.1912133481,-5959.5076055870
-33827.2287950485,-5960.3376709473
-33828.2663767489,-5961.1677363076
-33829.3039584493,-5961.9978016679
-33830.3415401497,-5962.8278670283
-33831.3791218501,-5963.6579323886
-33832.4167035505,-5964.4879977489
-33833.4542852510,-5965.3180631092
-33834.4918669514,-5966.1481284696
-33835.5294486518,-5966.9781938299
-33836.5670303522,-5967.8082591902
-33837.6046120526,-5968.6383245505
-33838.6421937530,-5969.4683899109
-33839.6797754534,-5970.2984552712
-33840.7173571538,-5971.1285206315
-33841.7549388542,-5971.9585859918
-33842.7925205546,-5972.7886513522
-33844.7898653279,-5973.9559307651
-33846.7872101012,-5975.1232101781
-33848.7845548744,-5976.2904895910
-33850.7818996477,-5977.4577690040
-33852.7792444210,-5978.6250484169
-33854.7765891943,-5979.7923278299
-33856.7739339675,-5980.9596072428
-33858.7712787408,-5982.1268866558
-33860.7686235141,-5983.2941660687
-33862.7659682874,-5984.4614454817
-33864.7633130607,-5985.6287248947
-33866.7606578339,-5986.7960043076
-33868.7580026072,-5987.9632837206
-33870.7553473805,-5989.1305631335
-33872.7526921538,-5990.2978425465
-33874.7500369271,-5991.4651219594
-33876.7473817003,-5992.6324013724
-33878.7447264736,-5993.7996807853
-33880.7420712469,-5994.9669601983
-33882.7394160202,-5996.1342396113
-33884.7367607935,-5997.3015190242
-33886.7341055667,-5998.4687984372
-33888.7314503400,-5999.6360778501
-33890.7287951133,-6000.8033572631
-33892.7261398866,-6001.9706366760
-33894.7234846599,-6003.1379160890
-33896.7208294331,-6004.3051955019
-33898.7181742064,-6005.4724749149
-33900.7155189797,-6006.6397543279
-33902.7128637530,-6007.8070337408
-33904.7102085262,-6008.9743131538
-33906.7075532995,-6010.1415925667
-33908.7048980728,-6011.3088719797
-33910.7022428461,-6012.4761513926
-33912.6995876194,-6013.6434308056
-33914.6969323926,-6014.8107102185
-33916.6942771659,-6015.9779896315
-33918.6916219392,-6017.1452690445
-33920.6889667125,-6018.3125484574
-33922.6863114858,-6019.4798278704
-33924.6836562590,-6020.6471072833
-33926.6810010323,-6021.8143866963
-33928.6783458056,-6022.9816661092
-33930.6756905789,-6024.1489455222
-33932.6730353522,-6025.3162249351
-33934.6703801254,-6026.4835043481
-33936.6677248987,-6027.6507837611
-33938.6650696720,-6028.8180631740
-33940.6624144453,-6029.9853425870
-33942.6597592186,-6031.1526219999
-33944.6571039918,-6032.3199014129
-33946.4469324250,-6033.1240272307
-33948.2367608582,-6033.9281530485
-33950.0265892914,-6034.7322788663
-33951.8164177246,-6035.5364046841
-33953.6062461578,-6036.3405305019
-33955.3960745910,-6037.1446563198
-33957.1859030242,-6037.9487821376
-33958.9757314574,-6038.7529079554
-33960.7655598906,-6039.5570337732
-33962.5553883238,-6040.3611595910
-33964.3452167570,-6041.1652854088
-33966.1350451902,-6041.9694112266
-33967.9248736234,-6042.7735370445
-33969.7147020566,-6043.5776628623
-33971.5045304898,-6044.3817886801
-33973.2943589230,-6045.1859144979
-33975.0841873562,-6045.9900403157
-33976.8740157894,-6046.7941661335
-33978.6638442226,-6047.5982919513
-33980.4536726558,-6048.4024177691
-33982.2435010890,-6049.2065435870
-33984.0333295222,-6050.0106694048
-33985.8231579554,-6050.8147952226
-33987.6129863886,-6051.6189210404
-33989.4028148218,-6052.4230468582
-33991.1926432550,-6053.2271726760
-33992.9824716882,-6054.0312984938
-33994.7723001214,-6054.8354243117
-33996.5621285546,-6055.6395501295
-33998.3519569878,-6056.4436759473
-34000.1417854210,-6057.2478017651
-34001.9316138542,-6058.0519275829
-34003.7214422874,-6058.8560534007
-34005.5112707206,-6059.6601792185
-34007.3010991538,-6060.4643050364
-34009.0909275870,-6061.2684308542
-34010.8807560202,-6062.0725566720
-34012.6705844534,-6062.8766824898
-34014.4604128866,-6063.6808083076
-34016.2502413198,-6064.4849341254
-34018.0400697530,-6065.2890599432
-34019.8298981862,-6066.0931857610
-34021.6197266194,-6066.8973115789
-34023.4095550526,-6067.7014373967
-34025.1993834858,-6068.5055632145
-34026.9892119189,-6069.3096890323
-34028.7790403521,-6070.1138148501
-34030.5688687853,-6070.9179406679
-34032.3586972185,-6071.7220664857
-34034.1485256517,-6072.5261923036
-34035.9383540849,-6073.3303181214
-34037.8838197732,-6074.2641416517
-34039.8292854615,-6075.1979651821
-34041.7747511497,-6076.1317887125
-34043.7202168380,-6077.0656122428
-34045.6656825262,-6077.9994357732
-34047.6111482145,-6078.9332593036
-34049.5566139028,-6079.8670828339
-34051.5020795910,-6080.8009063643
-34053.4475452793,-6081.7347298946
-34055.3930109675,-6082.6685534250
-34057.3384766558,-6083.6023769554
-34059.2839423440,-6084.5362004857
-34061.2294080323,-6085.4700240161
-34063.1748737206,-6086.4038475465
-34065.1203394088,-6087.3376710768
-34067.0658050971,-6088.2714946072
-34069.0112707853,-6089.2053181376
-34070.9567364736,-6090.1391416679
-34072.9022021619,-6091.0729651983
-34074.8476678501,-6092.0067887287
-34076.7931335384,-6092.9406122590
-34078.7385992266,-6093.8744357894
-34080.6840649149,-6094.8082593197
-34082.6295306032,-6095.7420828501
-34084.5749962914,-6096.6759063805
-34086.5204619797,-6097.6097299108
-34088.4659276679,-6098.5435534412
-34090.4113933562,-6099.4773769716
-34092.3568590444,-6100.4112005019
-34094.3023247327,-6101.3450240323
-34096.2477904210,-6102.2788475627
-34098.1932561092,-6103.2126710930
-34100.1387217975,-6104.1464946234
-34102.0841874857,-6105.0803181538
-34104.0296531740,-6106.0141416841
-34105.9751188623,-6106.9479652145
-34107.9205845505,-6107.8817887448
-34109.8660502388,-6108.8156122752
-34111.8115159270,-6109.7494358056
-34113.7569816153,-6110.6832593359
-34115.7024473036,-6111.6170828663
-34117.6479129918,-6112.5509063967
-34119.5933786801,-6113.4847299270
-34121.5388443683,-6114.4185534574
-34123.4843100566,-6115.3523769878
-34125.4297757448,-6116.2862005181
-34127.3752414331,-6117.2200240485
-34129.3207071214,-6118.1538475789
-34131.2661728096,-6119.0876711092
-34133.2116384979,-6120.0214946396
-34135.1571041861,-6120.9553181699
-34135.8055927489,-6121.5000485627
-34136.4540813117,-6122.0447789554
-34137.1025698744,-6122.5895093481
-34137.7510584372,-6123.1342397408
-34138.3995469999,-6123.6789701335
-34139.0480355627,-6124.2237005262
-34139.6965241254,-6124.7684309189
-34140.3450126882,-6125.3131613116
-34140.9935012509,-6125.8578917044
-34141.6419898137,-6126.4026220971
-34142.2904783764,-6126.9473524898
-34142.9389669392,-6127.4920828825
-34143.5874555019,-6128.0368132752
-34144.2359440647,-6128.5815436679
-34144.8844326274,-6129.1262740606
-34145.5329211902,-6129.6710044533
-34146.1814097529,-6130.2157348461
-34146.8298983157,-6130.7604652388
-34147.4783868784,-6131.3051956315
-34148.1268754412,-6131.8499260242
-34148.7753640040,-6132.3946564169
-34149.4238525667,-6132.9393868096
-34150.0723411295,-6133.4841172023
-34150.7208296922,-6134.0288475950
-34151.3693182550,-6134.5735779878
-34152.0178068177,-6135.1183083805
-34152.6662953805,-6135.6630387732
-34153.3147839432,-6136.2077691659
-34153.9632725060,-6136.7524995586
-34154.6117610687,-6137.2972299513
-34155.2602496315,-6137.8419603440
-34155.9087381942,-6138.3866907367
-34156.5572267570,-6138.9314211295
-34157.2057153197,-6139.4761515222
-34157.8542038825,-6140.0208819149
-34158.5026924452,-6140.5656123076
-34159.1511810080,-6141.1103427003
-34159.7996695708,-6141.6550730930
-34160.4481581335,-6142.1998034857
-34161.0966466963,-6142.7445338784
-34161.7451352590,-6143.2892642712
-34162.3936238218,-6143.8339946639
-34163.0421123845,-6144.3787250566
-34163.6906009473,-6144.9234554493
-34164.3390895100,-6145.4681858420
-34164.9875780728,-6146.0129162347
-34165.6360666355,-6146.5576466274
-34166.2845551983,-6147.1023770201
-34166.9330437610,-6147.6471074129
-34167.5815323238,-6148.1918378056
-34168.2300208865,-6148.7365681983
-34168.9563280768,-6149.3850567610
-34169.6826352671,-6150.0335453238
-34170.4089424574,-6150.6820338865
-34171.1352496477,-6151.3305224493
-34171.8615568380,-6151.9790110120
-34172.5878640282,-6152.6274995748
-34173.3141712185,-6153.2759881376
-34174.0404784088,-6153.9244767003
-34174.7667855991,-6154.5729652631
-34175.4930927894,-6155.2214538258
-34176.2193999797,-6155.8699423886
-34176.9457071699,-6156.5184309513
-34177.6720143602,-6157.1669195141
-34178.3983215505,-6157.8154080768
-34179.1246287408,-6158.4638966396
-34179.8509359311,-6159.1123852023
-34180.5772431214,-6159.7608737651
-34181.3035503116,-6160.4093623278
-34182.0298575019,-6161.0578508906
-34182.7561646922,-6161.7063394533
-34183.4824718825,-6162.3548280161
-34184.2087790728,-6163.0033165789
-34184.9350862631,-6163.6518051416
-34185.6613934533,-6164.3002937044
-34186.3877006436,-6164.9487822671
-34187.1140078339,-6165.5972708299
-34187.8403150242,-6166.2457593926
-34188.5666222145,-6166.8942479554
-34189.2929294048,-6167.5427365181
-34190.0192365950,-6168.1912250809
-34190.7455437853,-6168.8397136436
-34191.4718509756,-6169.4882022064
-34192.1981581659,-6170.1366907691
-34192.9244653562,-6170.7851793319
-34193.6507725465,-6171.4336678946
-34194.3770797367,-6172.0821564574
-34195.1033869270,-6172.7306450201
-34195.8296941173,-6173.3791335829
-34196.5560013076,-6174.0276221457
-34197.2823084979,-6174.6761107084
-34198.0086156882,-6175.3245992712
-34198.7349228784,-6175.9730878339
-34199.4612300687,-6176.6215763967
-34200.1875372590,-6177.2700649594
-34200.9138444493,-6177.9185535222
-34201.6401516396,-6178.5670420849
-34202.3664588299,-6179.2155306477
-34203.0927660201,-6179.8640192104
-34203.8190732104,-6180.5125077732
-34204.5453804007,-6181.1609963359
-34205.2716875910,-6181.8094848987
-34206.1017529513,-6182.8730061416
-34206.9318183116,-6183.9365273845
-34207.7618836720,-6185.0000486274
-34208.5919490323,-6186.0635698703
-34209.4220143926,-6187.1270911133
-34210.2520797529,-6188.1906123562
-34211.0821451133,-6189.2541335991
-34211.9122104736,-6190.3176548420
-34212.7422758339,-6191.3811760849
-34213.5723411942,-6192.4446973278
-34214.4024065546,-6193.5082185708
-34215.2324719149,-6194.5717398137
-34216.0625372752,-6195.6352610566
-34216.8926026355,-6196.6987822995
-34217.7226679959,-6197.7623035424
-34218.5527333562,-6198.8258247853
-34219.3827987165,-6199.8893460282
-34220.2128640768,-6200.9528672712
-34221.0429294371,-6202.0163885141
-34221.8729947975,-6203.0799097570
-34222.7030601578,-6204.1434309999
-34223.5331255181,-6205.2069522428
-34224.3631908784,-6206.2704734857
-34225.1932562388,-6207.3339947286
-34226.0233215991,-6208.3975159716
-34226.8533869594,-6209.4610372145
-34227.6834523197,-6210.5245584574
-34228.5135176801,-6211.5880797003
-34229.3435830404,-6212.6516009432
-34230.1736484007,-6213.7151221861
-34231.0037137610,-6214.7786434290
-34231.8337791214,-6215.8421646720
-34232.6638444817,-6216.9056859149
-34233.4939098420,-6217.9692071578
-34234.3239752023,-6219.0327284007
-34235.1540405626,-6220.0962496436
-34235.9841059230,-6221.1597708865
-34236.8141712833,-6222.2232921295
-34237.6442366436,-6223.2868133724
-34238.4743020039,-6224.3503346153
-34239.3043673643,-6225.4138558582
-34240.1344327246,-6226.4773771011
-34240.9644980849,-6227.5408983440
-34241.7945634452,-6228.6044195869
-34242.6246288056,-6229.6679408299
-34243.4546941659,-6230.7314620728
-34244.2847595262,-6231.7949833157
-34245.1148248865,-6232.8585045586
-34245.9448902469,-6233.9220258015
-34246.7749556072,-6234.9855470444
-34247.6050209675,-6236.0490682873
-34248.7463608380,-6237.7870176355
-34249.8877007084,-6239.5249669837
-34251.0290405788,-6241.2629163319
-34252.1703804493,-6243.0008656801
-34253.3117203197,-6244.7388150282
-34254.4530601902,-6246.4767643764
-34255.5944000606,-6248.2147137246
-34256.7357399311,-6249.9526630728
-34257.8770798015,-6251.6906124209
-34259.0184196720,-6253.4285617691
-34260.1597595424,-6255.1665111173
-34261.3010994128,-6256.9044604655
-34262.4424392833,-6258.6424098137
-34263.5837791537,-6260.3803591618
-34264.7251190242,-6262.1183085100
-34265.8664588946,-6263.8562578582
-34267.0077987651,-6265.5942072064
-34268.1491386355,-6267.3321565545
-34269.2904785060,-6269.0701059027
-34270.4318183764,-6270.8080552509
-34271.5731582469,-6272.5460045991
-34272.7144981173,-6274.2839539473
-34273.8558379877,-6276.0219032954
-34274.9971778582,-6277.7598526436
-34276.1385177286,-6279.4978019918
-34277.2798575991,-6281.2357513400
-34278.4211974695,-6282.9737006881
-34279.5625373400,-6284.7116500363
-34280.7038772104,-6286.4495993845
-34281.8452170809,-6288.1875487327
-34282.9865569513,-6289.9254980809
-34284.1278968218,-6291.6634474290
-34285.2692366922,-6293.4013967772
-34286.4105765626,-6295.1393461254
-34287.5519164331,-6296.8772954736
-34288.6932563035,-6298.6152448218
-34289.8345961740,-6300.3531941699
-34290.9759360444,-6302.0911435181
-34292.1172759149,-6303.8290928663
-34293.2586157853,-6305.5670422145
-34294.3999556558,-6307.3049915626
-34295.5412955262,-6309.0429409108
-34296.6826353966,-6310.7808902590
-34297.8239752671,-6312.5188396072
-34298.9653151375,-6314.2567889554
-34300.1066550080,-6315.9947383035
-34301.2479948784,-6317.7326876517
-34302.3893347489,-6319.4706369999
-34303.5306746193,-6321.2085863481
-34304.6720144898,-6322.9465356962
-34305.8133543602,-6324.6844850444
-34307.0065733157,-6326.2667971375
-34308.1997922711,-6327.8491092307
-34309.3930112266,-6329.4314213238
-34310.5862301821,-6331.0137334169
-34311.7794491375,-6332.5960455100
-34312.9726680930,-6334.1783576031
-34314.1658870485,-6335.7606696962
-34315.3591060039,-6337.3429817894
-34316.5523249594,-6338.9252938825
-34317.7455439149,-6340.5076059756
-34318.9387628703,-6342.0899180687
-34320.1319818258,-6343.6722301618
-34321.3252007813,-6345.2545422549
-34322.5184197367,-6346.8368543481
-34323.7116386922,-6348.4191664412
-34324.9048576477,-6350.0014785343
-34326.0980766031,-6351.5837906274
-34327.2912955586,-6353.1661027205
-34328.4845145141,-6354.7484148136
-34329.6777334695,-6356.3307269068
-34330.8709524250,-6357.9130389999
-34332.0641713805,-6359.4953510930
-34333.2573903359,-6361.0776631861
-34334.4506092914,-6362.6599752792
-34335.6438282468,-6364.2422873724
-34336.8370472023,-6365.8245994655
-34338.0302661578,-6367.4069115586
-34339.2234851132,-6368.9892236517
-34340.4167040687,-6370.5715357448
-34341.6099230242,-6372.1538478379
-34342.8031419796,-6373.7361599311
-34343.9963609351,-6375.3184720242
-34345.1895798906,-6376.9007841173
-34346.3827988460,-6378.4830962104
-34347.5760178015,-6380.0654083035
-34348.7692367570,-6381.6477203966
-34349.9624557124,-6383.2300324898
-34351.1556746679,-6384.8123445829
-34352.3488936234,-6386.3946566760
-34353.5421125788,-6387.9769687691
-34354.7353315343,-6389.5592808622
-34355.9285504898,-6391.1415929553
-34357.1217694452,-6392.7239050485
-34358.3149884007,-6394.3062171416
-34359.5082073562,-6395.8885292347
-34360.7014263116,-6397.4708413278
-34361.8946452671,-6399.0531534209
-34363.0878642226,-6400.6354655140
-34364.2810831780,-6402.2177776072
-34365.4743021335,-6403.8000897003
-34366.6675210889,-6405.3824017934
-34367.8607400444,-6406.3681044088
-34369.0539589999,-6407.3538070242
-34370.2471779553,-6408.3395096396
-34371.4403969108,-6409.3252122549
-34372.6336158663,-6410.3109148703
-34373.8268348217,-6411.2966174857
-34375.0200537772,-6412.2823201011
-34376.2132727327,-6413.2680227165
-34377.4064916881,-6414.2537253319
-34378.5997106436,-6415.2394279472
-34379.7929295991,-6416.2251305626
-34380.9861485545,-6417.2108331780
-34382.1793675100,-6418.1965357934
-34383.3725864655,-6419.1822384088
-34384.5658054209,-6420.1679410242
-34385.7590243764,-6421.1536436396
-34386.9522433319,-6422.1393462549
-34388.1454622873,-6423.1250488703
-34389.3386812428,-6424.1107514857
-34390.5319001983,-6425.0964541011
-34391.7251191537,-6426.0821567165
-34392.9183381092,-6427.0678593319
-34394.1115570647,-6428.0535619472
-34395.3047760201,-6429.0392645626
-34396.4979949756,-6430.0249671780
-34397.6912139311,-6431.0106697934
-34398.8844328865,-6431.9963724088
-34400.0776518420,-6432.9820750242
-34401.2708707974,-6433.9677776395
-34402.4640897529,-6434.9534802549
-34403.6573087084,-6435.9391828703
-34404.8505276638,-6436.9248854857
-34406.0437466193,-6437.9105881011
-34407.2369655748,-6438.8962907165
-34408.4301845302,-6439.8819933319
-34409.6234034857,-6440.8676959472
-34410.8166224412,-6441.8533985626
-34412.0098413966,-6442.8391011780
-34413.2030603521,-6443.8248037934
-34414.3962793076,-6444.8105064088
-34415.5894982630,-6445.7962090242
-34416.7827172185,-6446.7819116395
-34417.9759361740,-6447.7676142549
-34419.1691551294,-6448.7533168703
-34420.3623740849,-6449.7390194857
-34421.5555930404,-6450.7247221011
-34422.7488119958,-6451.7104247165
-34423.9420309513,-6452.6961273319
-34425.1352499068,-6453.6818299472
-34426.3284688622,-6454.6675325626
-34427.5216878177,-6455.6532351780
-34429.1818185383,-6456.5611191659
-34430.8419492590,-6457.4690031537
-34432.5020799796,-6458.3768871416
-34434.1622107003,-6459.2847711294
-34435.8223414209,-6460.1926551173
-34437.4824721416,-6461.1005391051
-34439.1426028622,-6462.0084230930
-34440.8027335829,-6462.9163070808
-34442.4628643035,-6463.8241910687
-34444.1229950242,-6464.7320750565
-34445.7831257448,-6465.6399590444
-34447.4432564655,-6466.5478430323
-34449.1033871861,-6467.4557270201
-34450.7635179068,-6468.3636110080
-34452.4236486274,-6469.2714949958
-34454.0837793480,-6470.1793789837
-34455.7439100687,-6471.0872629715
-34457.4040407893,-6471.9951469594
-34459.0641715100,-6472.9030309472
-34460.7243022306,-6473.8109149351
-34462.3844329513,-6474.7187989229
-34464.0445636719,-6475.6266829108
-34465.7046943926,-6476.5345668987
-34467.3648251132,-6477.4424508865
-34469.0249558339,-6478.3503348744
-34470.6850865545,-6479.2582188622
-34472.3452172752,-6480.1661028501
-34474.0053479958,-6481.0739868379
-34475.6654787165,-6481.9818708258
-34477.3256094371,-6482.8897548136
-34478.9857401578,-6483.7976388015
-34480.6458708784,-6484.7055227893
-34482.3060015991,-6485.6134067772
-34483.9661323197,-6486.5212907650
-34485.6262630404,-6487.4291747529
-34487.2863937610,-6488.3370587408
-34488.9465244816,-6489.2449427286
-34490.6066552023,-6490.1528267165
-34492.2667859229,-6491.0607107043
-34493.9269166436,-6491.9685946922
-34495.5870473642,-6492.8764786800
-34497.2471780849,-6493.7843626679
-34498.9073088055,-6494.6922466557
-34500.5674395262,-6495.6001306436
-34502.2275702468,-6496.5080146314
-34503.8877009675,-6497.4158986193
-34505.5478316881,-6498.3237826072
-34507.2079624088,-6499.2316665950
-34508.8680931294,-6500.1395505829
-34510.5282238501,-6501.0474345707
-34512.1883545707,-6501.9553185586
-34514.1338202590,-6502.5519280363
-34516.0792859472,-6503.1485375140
-34518.0247516355,-6503.7451469918
-34519.9702173237,-6504.3417564695
-34521.9156830120,-6504.9383659472
-34523.8611487003,-6505.5349754250
-34525.8066143885,-6506.1315849027
-34527.7520800768,-6506.7281943804
-34529.6975457650,-6507.3248038582
-34531.6430114533,-6507.9214133359
-34533.5884771416,-6508.5180228136
-34535.5339428298,-6509.1146322914
-34537.4794085181,-6509.7112417691
-34539.4248742063,-6510.3078512468
-34541.3703398946,-6510.9044607246
-34543.3158055829,-6511.5010702023
-34545.2612712711,-6512.0976796800
-34547.2067369594,-6512.6942891578
-34549.1522026476,-6513.2908986355
-34551.0976683359,-6513.8875081132
-34553.0431340242,-6514.4841175910
-34554.9885997124,-6515.0807270687
-34556.9340654007,-6515.6773365464
-34558.8795310889,-6516.2739460242
-34560.8249967772,-6516.8705555019
-34562.7704624654,-6517.4671649796
-34564.7159281537,-6518.0637744574
-34566.6613938420,-6518.6603839351
-34568.6068595302,-6519.2569934128
-34570.5523252185,-6519.8536028906
-34572.4977909067,-6520.4502123683
-34574.4432565950,-6521.0468218460
-34576.3887222833,-6521.6434313237
-34578.3341879715,-6522.2400408015
-34580.2796536598,-6522.8366502792
-34582.2251193480,-6523.4332597569
-34584.1705850363,-6524.0298692347
-34586.1160507246,-6524.6264787124
-34588.0615164128,-6525.2230881901
-34590.0069821011,-6525.8196976679
-34591.9524477893,-6526.4163071456
-34593.8979134776,-6527.0129166233
-34595.8433791658,-6527.6095261011
-34597.7888448541,-6528.2061355788
-34599.7343105424,-6528.8027450565
-34601.6797762306,-6529.3993545343
-34603.6252419189,-6529.9959640120
-34605.5707076071,-6530.5925734897
-34607.5161732954,-6531.1891829675
-34609.4616389837,-6531.7857924452
-34611.4071046719,-6532.3824019229
-34613.5341471578,-6532.8752532306
-34615.6611896436,-6533.3681045383
-34617.7882321294,-6533.8609558460
-34619.9152746152,-6534.3538071537
-34622.0423171011,-6534.8466584614
-34624.1693595869,-6535.3395097691
-34626.2964020727,-6535.8323610768
-34628.4234445586,-6536.3252123845
-34630.5504870444,-6536.8180636922
-34632.6775295302,-6537.3109149999
-34634.8045720160,-6537.8037663076
-34636.9316145019,-6538.2966176152
-34639.0586569877,-6538.7894689229
-34641.1856994735,-6539.2823202306
-34643.3127419594,-6539.7751715383
-34645.4397844452,-6540.2680228460
-34647.5668269310,-6540.7608741537
-34649.6938694169,-6541.2537254614
-34651.8209119027,-6541.7465767691
-34653.9479543885,-6542.2394280768
-34656.0749968743,-6542.7322793845
-34658.2020393602,-6543.2251306922
-34660.3290818460,-6543.7179819999
-34662.4561243318,-6544.2108333076
-34664.5831668177,-6544.7036846152
-34666.7102093035,-6545.1965359229
-34668.8372517893,-6545.6893872306
-34670.9642942752,-6546.1822385383
-34673.0913367610,-6546.6750898460
-34675.2183792468,-6547.1679411537
-34677.3454217326,-6547.6607924614
-34679.4724642185,-6548.1536437691
-34681.5995067043,-6548.6464950768
-34683.7265491901,-6549.1393463845
-34685.8535916760,-6549.6321976922
-34687.9806341618,-6550.1250489999
-34690.1076766476,-6550.6179003076
-34692.2347191335,-6551.1107516152
-34694.3617616193,-6551.6036029229
-34696.4888041051,-6552.0964542306
-34698.6158465909,-6552.5893055383
-34700.7428890768,-6553.0821568460
-34702.8699315626,-6553.5750081537
-34704.9969740484,-6554.0678594614
-34707.1240165343,-6554.5607107691
-34709.2510590201,-6555.0535620768
-34711.3781015059,-6555.5464133845
-34713.5051439917,-6556.0392646922
-34715.6321864776,-6556.5321159999
-34717.7592289634,-6557.0249673076
-34719.8862714492,-6557.5178186152
-34721.2351276598,-6557.9328512954
-34722.5839838703,-6558.3478839756
-34723.9328400808,-6558.7629166557
-34725.2816962913,-6559.1779493359
-34726.6305525019,-6559.5929820161
-34727.9794087124,-6560.0080146962
-34729.3282649229,-6560.4230473764
-34730.6771211334,-6560.8380800565
-34732.0259773440,-6561.2531127367
-34733.3748335545,-6561.6681454169
-34734.7236897650,-6562.0831780970
-34736.0725459756,-6562.4982107772
-34737.4214021861,-6562.9132434573
-34738.7702583966,-6563.3282761375
-34740.1191146071,-6563.7433088177
-34741.4679708177,-6564.1583414978
-34742.8168270282,-6564.5733741780
-34744.1656832387,-6564.9884068582
-34745.5145394492,-6565.4034395383
-34746.8633956598,-6565.8184722185
-34748.2122518703,-6566.2335048986
-34749.5611080808,-6566.6485375788
-34750.9099642913,-6567.0635702590
-34752.2588205019,-6567.4786029391
-34753.6076767124,-6567.8936356193
-34754.9565329229,-6568.3086682995
-34756.3053891334,-6568.7237009796
-34757.6542453440,-6569.1387336598
-34759.0031015545,-6569.5537663399
-34760.3519577650,-6569.9687990201
-34761.7008139756,-6570.3838317003
-34763.0496701861,-6570.7988643804
-34764.3985263966,-6571.2138970606
-34765.7473826071,-6571.6289297407
-34767.0962388177,-6572.0439624209
-34768.4450950282,-6572.4589951011
-34769.7939512387,-6572.8740277812
-34771.1428074492,-6573.2890604614
-34772.4916636598,-6573.7040931416
-34773.8405198703,-6574.1191258217
-34775.1893760808,-6574.5341585019
-34776.5382322913,-6574.9491911820
-34777.8870885019,-6575.3642238622
-34779.2359447124,-6575.7792565424
-34780.5848009229,-6576.1942892225
-34781.9336571334,-6576.6093219027
-34783.2825133440,-6577.0243545829
-34784.6313695545,-6577.4393872630
-34785.9802257650,-6577.8544199432
-34787.3290819755,-6578.2694526233
-34788.6779381861,-6578.6844853035
-34790.2602502792,-6579.6442483764
-34791.8425623723,-6580.6040114492
-34793.4248744654,-6581.5637745221
-34795.0071865585,-6582.5235375950
-34796.5894986517,-6583.4833006679
-34798.1718107448,-6584.4430637407
-34799.7541228379,-6585.4028268136
-34801.3364349310,-6586.3625898865
-34802.9187470241,-6587.3223529594
-34804.5010591172,-6588.2821160322
-34806.0833712104,-6589.2418791051
-34807.6656833035,-6590.2016421780
-34809.2479953966,-6591.1614052509
-34810.8303074897,-6592.1211683237
-34812.4126195828,-6593.0809313966
-34813.9949316759,-6594.0406944695
-34815.5772437691,-6595.0004575424
-34817.1595558622,-6595.9602206152
-34818.7418679553,-6596.9199836881
-34820.3241800484,-6597.8797467610
-34821.9064921415,-6598.8395098339
-34823.4888042347,-6599.7992729067
-34825.0711163278,-6600.7590359796
-34826.6534284209,-6601.7187990525
-34828.2357405140,-6602.6785621254
-34829.8180526071,-6603.6383251982
-34831.4003647002,-6604.5980882711
-34832.9826767934,-6605.5578513440
-34834.5649888865,-6606.5176144169
-34836.1473009796,-6607.4773774897
-34837.7296130727,-6608.4371405626
-34839.3119251658,-6609.3969036355
-34840.8942372589,-6610.3566667084
-34842.4765493521,-6611.3164297812
-34844.0588614452,-6612.2761928541
-34845.6411735383,-6613.2359559270
-34847.2234856314,-6614.1957189999
-34848.8057977245,-6615.1554820727
-34850.3881098176,-6616.1152451456
-34851.9704219108,-6617.0750082185
-34853.5527340039,-6618.0347712914
-34855.1350460970,-6618.9945343642
-34856.7173581901,-6619.9542974371
-34858.2996702832,-6620.9140605100
-34859.8819823763,-6621.8738235828
-34861.4642944695,-6622.8335866557
-34863.0466065626,-6623.7933497286
-34864.6289186557,-6624.7531128015
-34866.2112307488,-6625.7128758743
-34867.7935428419,-6626.6726389472
-34869.3758549350,-6627.6324020201
-34870.4912552630,-6628.7996814330
-34871.6066555909,-6629.9669608460
-34872.7220559189,-6631.1342402590
-34873.8374562468,-6632.3015196719
-34874.9528565747,-6633.4687990849
-34876.0682569027,-6634.6360784978
-34877.1836572306,-6635.8033579108
-34878.2990575585,-6636.9706373237
-34879.4144578865,-6638.1379167367
-34880.5298582144,-6639.3051961496
-34881.6452585423,-6640.4724755626
-34882.7606588703,-6641.6397549756
-34883.8760591982,-6642.8070343885
-34884.9914595261,-6643.9743138015
-34886.1068598541,-6645.1415932144
-34887.2222601820,-6646.3088726274
-34888.3376605099,-6647.4761520403
-34889.4530608379,-6648.6434314533
-34890.5684611658,-6649.8107108662
-34891.6838614938,-6650.9779902792
-34892.7992618217,-6652.1452696922
-34893.9146621496,-6653.3125491051
-34895.0300624776,-6654.4798285181
-34896.1454628055,-6655.6471079310
-34897.2608631334,-6656.8143873440
-34898.3762634614,-6657.9816667569
-34899.4916637893,-6659.1489461699
-34900.6070641172,-6660.3162255828
-34901.7224644452,-6661.4835049958
-34902.8378647731,-6662.6507844088
-34903.9532651010,-6663.8180638217
-34905.0686654290,-6664.9853432347
-34906.1840657569,-6666.1526226476
-34907.2994660848,-6667.3199020606
-34908.4148664128,-6668.4871814735
-34909.5302667407,-6669.6544608865
-34910.6456670686,-6670.8217402994
-34911.7610673966,-6671.9890197124
-34912.8764677245,-6673.1562991254
-34913.9918680525,-6674.3235785383
-34915.1072683804,-6675.4908579513
-34916.2226687083,-6676.6581373642
-34917.3380690363,-6677.8254167772
-34918.4534693642,-6678.9926961901
-34919.5688696921,-6680.1599756031
-34920.6842700201,-6681.3272550160
-34921.7996703480,-6682.4945344290
-34922.9150706759,-6683.6618138419
-34924.0304710039,-6684.8290932549
-34925.1458713318,-6685.9963726679
-34926.2612716597,-6687.1636520808
-34927.4285510727,-6688.2012337812
-34928.5958304856,-6689.2388154816
-34929.7631098986,-6690.2763971820
-34930.9303893116,-6691.3139788824
-34932.0976687245,-6692.3515605828
-34933.2649481375,-6693.3891422832
-34934.4322275504,-6694.4267239836
-34935.5995069634,-6695.4643056841
-34936.7667863763,-6696.5018873845
-34937.9340657893,-6697.5394690849
-34939.1013452022,-6698.5770507853
-34940.2686246152,-6699.6146324857
-34941.4359040282,-6700.6522141861
-34942.6031834411,-6701.6897958865
-34943.7704628541,-6702.7273775869
-34944.9377422670,-6703.7649592873
-34946.1050216800,-6704.8025409877
-34947.2723010929,-6705.8401226881
-34948.4395805059,-6706.8777043885
-34949.6068599188,-6707.9152860889
-34950.7741393318,-6708.9528677893
-34951.9414187448,-6709.9904494897
-34953.1086981577,-6711.0280311901
-34954.2759775707,-6712.0656128905
-34955.4432569836,-6713.1031945909
-34956.6105363966,-6714.1407762913
-34957.7778158095,-6715.1783579917
-34958.9450952225,-6716.2159396921
-34960.1123746355,-6717.2535213926
-34961.2796540484,-6718.2911030930
-34962.4469334614,-6719.3286847934
-34963.6142128743,-6720.3662664938
-34964.7814922873,-6721.4038481942
-34965.9487717002,-6722.4414298946
-34967.1160511132,-6723.4790115950
-34968.2833305261,-6724.5165932954
-34969.4506099391,-6725.5541749958
-34970.6178893521,-6726.5917566962
-34971.7851687650,-6727.6293383966
-34972.9524481780,-6728.6669200970
-34974.1197275909,-6729.7045017974
-34975.2870070039,-6730.7420834978
-34976.4542864168,-6731.7796651982
-34977.6215658298,-6732.8172468986
-34978.7888452427,-6733.8548285990
-34979.9561246557,-6734.8924102994
-34981.1234040686,-6735.9299919998
-34982.2906834816,-6736.9675737002
-34983.4579628946,-6738.0051554006
-34984.6252423075,-6739.0427371011
-34985.7925217205,-6740.0803188015
-34987.5823501537,-6741.2216586719
-34989.3721785869,-6742.3629985423
-34991.1620070201,-6743.5043384128
-34992.9518354533,-6744.6456782832
-34994.7416638865,-6745.7870181537
-34996.5314923197,-6746.9283580241
-34998.3213207529,-6748.0696978946
-35000.1111491861,-6749.2110377650
-35001.9009776193,-6750.3523776355
-35003.6908060525,-6751.4937175059
-35005.4806344857,-6752.6350573764
-35007.2704629188,-6753.7763972468
-35009.0602913520,-6754.9177371172
-35010.8501197852,-6756.0590769877
-35012.6399482184,-6757.2004168581
-35014.4297766516,-6758.3417567286
-35016.2196050848,-6759.4830965990
-35018.0094335180,-6760.6244364695
-35019.7992619512,-6761.7657763399
-35021.5890903844,-6762.9071162104
-35023.3789188176,-6764.0484560808
-35025.1687472508,-6765.1897959513
-35026.9585756840,-6766.3311358217
-35028.7484041172,-6767.4724756921
-35030.5382325504,-6768.6138155626
-35032.3280609836,-6769.7551554330
-35034.1178894168,-6770.8964953035
-35035.9077178500,-6772.0378351739
-35037.6975462832,-6773.1791750444
-35039.4873747164,-6774.3205149148
-35041.2772031496,-6775.4618547853
-35043.0670315828,-6776.6031946557
-35044.8568600160,-6777.7445345261
-35046.6466884492,-6778.8858743966
-35048.4365168824,-6780.0272142670
-35050.2263453156,-6781.1685541375
-35052.0161737488,-6782.3098940079
-35053.8060021820,-6783.4512338784
-35055.5958306152,-6784.5925737488
-35057.3856590484,-6785.7339136193
-35059.1754874816,-6786.8752534897
-35060.9653159148,-6788.0165933602
-35062.7551443480,-6789.1579332306
-35064.5449727812,-6790.2992731010
-35066.3348012144,-6791.4406129715
-35068.1246296476,-6792.5819528419
-35069.9144580808,-6793.7232927124
-35071.7042865140,-6794.8646325828
-35073.4941149472,-6796.0059724533
-35075.2839433804,-6797.1473123237
-35077.0737718136,-6798.2886521942
-35078.3448093966,-6799.2743548095
-35079.6158469796,-6800.2600574249
-35080.8868845626,-6801.2457600403
-35082.1579221456,-6802.2314626557
-35083.4289597286,-6803.2171652711
-35084.6999973115,-6804.2028678865
-35085.9710348945,-6805.1885705019
-35087.2420724775,-6806.1742731172
-35088.5131100605,-6807.1599757326
-35089.7841476435,-6808.1456783480
-35091.0551852265,-6809.1313809634
-35092.3262228095,-6810.1170835788
-35093.5972603925,-6811.1027861942
-35094.8682979755,-6812.0884888095
-35096.1393355585,-6813.0741914249
-35097.4103731415,-6814.0598940403
-35098.6814107245,-6815.0455966557
-35099.9524483075,-6816.0312992711
-35101.2234858905,-6817.0170018865
-35102.4945234735,-6818.0027045019
-35103.7655610565,-6818.9884071172
-35105.0365986395,-6819.9741097326
-35106.3076362225,-6820.9598123480
-35107.5786738055,-6821.9455149634
-35108.8497113885,-6822.9312175788
-35110.1207489715,-6823.9169201942
-35111.3917865545,-6824.9026228095
-35112.6628241375,-6825.8883254249
-35113.9338617205,-6826.8740280403
-35115.2048993035,-6827.8597306557
-35116.4759368864,-6828.8454332711
-35117.7469744694,-6829.8311358865
-35119.0180120524,-6830.8168385019
-35120.2890496354,-6831.8025411172
-35121.5600872184,-6832.7882437326
-35122.8311248014,-6833.7739463480
-35124.1021623844,-6834.7596489634
-35125.3731999674,-6835.7453515788
-35126.6442375504,-6836.7310541942
-35127.9152751334,-6837.7167568095
-35129.1863127164,-6838.7024594249
-35130.4573502994,-6839.6881620403
-35131.7283878824,-6840.6738646557
-35132.9994254654,-6841.6595672711
-35134.2704630484,-6842.6452698865
-35135.5415006314,-6843.6309725019
-35136.8125382144,-6844.6166751172
-35138.0835757974,-6845.6023777326
-35139.3546133804,-6846.5880803480
-35140.6256509634,-6847.5737829634
-35141.8966885464,-6848.5594855788
-35142.6748748217,-6850.1936767569
-35143.4530610970,-6851.8278679350
-35144.2312473723,-6853.4620591132
-35145.0094336476,-6855.0962502913
-35145.7876199229,-6856.7304414695
-35146.5658061982,-6858.3646326476
-35147.3439924735,-6859.9988238257
-35148.1221787488,-6861.6330150039
-35148.9003650241,-6863.2672061820
-35149.6785512994,-6864.9013973601
-35150.4567375747,-6866.5355885383
-35151.2349238500,-6868.1697797164
-35152.0131101253,-6869.8039708946
-35152.7912964006,-6871.4381620727
-35153.5694826759,-6873.0723532508
-35154.3476689512,-6874.7065444290
-35155.1258552265,-6876.3407356071
-35155.9040415018,-6877.9749267852
-35156.6822277771,-6879.6091179634
-35157.4604140524,-6881.2433091415
-35158.2386003277,-6882.8775003197
-35159.0167866030,-6884.5116914978
-35159.7949728783,-6886.1458826759
-35160.5731591536,-6887.7800738541
-35161.3513454290,-6889.4142650322
-35162.1295317043,-6891.0484562103
-35162.9077179796,-6892.6826473885
-35163.6859042549,-6894.3168385666
-35164.4640905302,-6895.9510297448
-35165.2422768055,-6897.5852209229
-35166.0204630808,-6899.2194121010
-35166.7986493561,-6900.8536032792
-35167.5768356314,-6902.4877944573
-35168.3550219067,-6904.1219856354
-35169.1332081820,-6905.7561768136
-35169.9113944573,-6907.3903679917
-35170.6895807326,-6909.0245591699
-35171.4677670079,-6910.6587503480
-35172.2459532832,-6912.2929415261
-35173.0241395585,-6913.9271327043
-35173.8023258338,-6915.5613238824
-35174.5805121091,-6917.1955150605
-35175.3586983844,-6918.8297062387
-35176.1368846597,-6920.4638974168
-35176.9150709350,-6922.0980885950
-35177.6932572103,-6923.7322797731
-35178.4714434856,-6925.3664709512
-35179.2496297609,-6927.0006621294
-35180.0278160362,-6928.6348533075
-35180.8060023115,-6930.2690444856
-35181.5841885868,-6931.9032356638
-35182.2845562346,-6934.2118549472
-35182.9849238824,-6936.5204742306
-35183.6852915302,-6938.8290935140
-35184.3856591779,-6941.1377127974
-35185.0860268257,-6943.4463320808
-35185.7863944735,-6945.7549513642
-35186.4867621213,-6948.0635706476
-35187.1871297690,-6950.3721899310
-35187.8874974168,-6952.6808092144
-35188.5878650646,-6954.9894284978
-35189.2882327123,-6957.2980477812
-35189.9886003601,-6959.6066670646
-35190.6889680079,-6961.9152863480
-35191.3893356557,-6964.2239056314
-35192.0897033034,-6966.5325249148
-35192.7900709512,-6968.8411441982
-35193.4904385990,-6971.1497634816
-35194.1908062468,-6973.4583827650
-35194.8911738945,-6975.7670020484
-35195.5915415423,-6978.0756213318
-35196.2919091901,-6980.3842406152
-35196.9922768379,-6982.6928598986
-35197.6926444856,-6985.0014791820
-35198.3930121334,-6987.3100984654
-35199.0933797812,-6989.6187177488
-35199.7937474289,-6991.9273370322
-35200.4941150767,-6994.2359563156
-35201.1944827245,-6996.5445755990
-35201.8948503723,-6998.8531948824
-35202.5952180200,-7001.1618141658
-35203.2955856678,-7003.4704334492
-35203.9959533156,-7005.7790527326
-35204.6963209634,-7008.0876720160
-35205.3966886111,-7010.3962912994
-35206.0970562589,-7012.7049105828
-35206.7974239067,-7015.0135298662
-35207.4977915545,-7017.3221491496
-35208.1981592022,-7019.6307684330
-35208.8985268500,-7021.9393877164
-35209.5988944978,-7024.2480069998
-35210.2992621455,-7026.5566262832
-35210.9996297933,-7028.8652455666
-35211.6999974411,-7031.1738648500
-35212.4003650889,-7033.4824841334
-35213.1007327366,-7035.7911034168
-35213.8011003844,-7038.0997227002
-35214.5014680322,-7040.4083419836
-35215.2018356800,-7042.7169612670
-35215.9022033277,-7045.0255805504
-35216.6025709755,-7047.3341998338
-35217.3029386233,-7049.6428191172
-35217.7957899310,-7051.2770102954
-35218.2886412387,-7052.9112014735
-35218.7814925464,-7054.5453926516
-35219.2743438540,-7056.1795838298
-35219.7671951617,-7057.8137750079
-35220.2600464694,-7059.4479661860
-35220.7528977771,-7061.0821573642
-35221.2457490848,-7062.7163485423
-35221.7386003925,-7064.3505397205
-35222.2314517002,-7065.9847308986
-35222.7243030079,-7067.6189220767
-35223.2171543156,-7069.2531132549
-35223.7100056233,-7070.8873044330
-35224.2028569310,-7072.5214956111
-35224.6957082387,-7074.1556867893
-35225.1885595463,-7075.7898779674
-35225.6814108540,-7077.4240691456
-35226.1742621617,-7079.0582603237
-35226.6671134694,-7080.6924515018
-35227.1599647771,-7082.3266426800
-35227.6528160848,-7083.9608338581
-35228.1456673925,-7085.5950250362
-35228.6385187002,-7087.2292162144
-35229.1313700079,-7088.8634073925
-35229.6242213156,-7090.4975985707
-35230.1170726233,-7092.1317897488
-35230.6099239310,-7093.7659809269
-35231.1027752387,-7095.4001721051
-35231.5956265463,-7097.0343632832
-35232.0884778540,-7098.6685544613
-35232.5813291617,-7100.3027456395
-35233.0741804694,-7101.9369368176
-35233.5670317771,-7103.5711279958
-35234.0598830848,-7105.2053191739
-35234.5527343925,-7106.8395103520
-35235.0455857002,-7108.4737015302
-35235.5384370079,-7110.1078927083
-35236.0312883156,-7111.7420838864
-35236.5241396233,-7113.3762750646
-35237.0169909310,-7115.0104662427
-35237.5098422387,-7116.6446574209
-35238.0026935463,-7118.2788485990
-35238.4955448540,-7119.9130397771
-35238.9883961617,-7121.5472309553
-35239.4812474694,-7123.1814221334
-35239.9740987771,-7124.8156133115
-35240.4669500848,-7126.4498044897
-35240.9598013925,-7128.0839956678
-35241.4526527002,-7129.7181868460
-35241.9455040079,-7131.3523780241
-35242.4383553156,-7132.9865692022
-35243.0349647933,-7134.6726394654
-35243.6315742710,-7136.3587097285
-35244.2281837488,-7138.0447799917
-35244.8247932265,-7139.7308502549
-35245.4214027042,-7141.4169205180
-35246.0180121820,-7143.1029907812
-35246.6146216597,-7144.7890610443
-35247.2112311374,-7146.4751313075
-35247.8078406152,-7148.1612015706
-35248.4044500929,-7149.8472718338
-35249.0010595706,-7151.5333420970
-35249.5976690484,-7153.2194123601
-35250.1942785261,-7154.9054826233
-35250.7908880038,-7156.5915528864
-35251.3874974816,-7158.2776231496
-35251.9841069593,-7159.9636934127
-35252.5807164370,-7161.6497636759
-35253.1773259148,-7163.3358339391
-35253.7739353925,-7165.0219042022
-35254.3705448702,-7166.7079744654
-35254.9671543480,-7168.3940447285
-35255.5637638257,-7170.0801149917
-35256.1603733034,-7171.7661852549
-35256.7569827812,-7173.4522555180
-35257.3535922589,-7175.1383257812
-35257.9502017366,-7176.8243960443
-35258.5468112144,-7178.5104663075
-35259.1434206921,-7180.1965365706
-35259.7400301698,-7181.8826068338
-35260.3366396476,-7183.5686770970
-35260.9332491253,-7185.2547473601
-35261.5298586030,-7186.9408176233
-35262.1264680808,-7188.6268878864
-35262.7230775585,-7190.3129581496
-35263.3196870362,-7191.9990284127
-35263.9162965140,-7193.6850986759
-35264.5129059917,-7195.3711689391
-35265.1095154694,-7197.0572392022
-35265.7061249472,-7198.7433094654
-35266.3027344249,-7200.4293797285
-35266.8993439026,-7202.1154499917
-35267.4959533804,-7203.8015202548
-35268.0925628581,-7205.4875905180
-35268.6891723358,-7207.1736607812
-35269.2857818136,-7208.8597310443
-35269.8823912913,-7210.5458013075
-35270.4790007690,-7212.2318715706
-35271.0756102468,-7213.9179418338
-35271.6722197245,-7215.6040120970
-35272.2688292022,-7217.2900823601
-35272.8654386799,-7218.9761526233
-35273.6176854127,-7220.2471902063
-35274.3699321455,-7221.5182277893
-35275.1221788783,-7222.7892653723
-35275.8744256111,-7224.0603029553
-35276.6266723439,-7225.3313405382
-35277.3789190767,-7226.6023781212
-35278.1311658095,-7227.8734157042
-35278.8834125423,-7229.1444532872
-35279.6356592751,-7230.4154908702
-35280.3879060079,-7231.6865284532
-35281.1401527407,-7232.9575660362
-35281.8923994735,-7234.2286036192
-35282.6446462063,-7235.4996412022
-35283.3968929391,-7236.7706787852
-35284.1491396719,-7238.0417163682
-35284.9013864046,-7239.3127539512
-35285.6536331374,-7240.5837915342
-35286.4058798702,-7241.8548291172
-35287.1581266030,-7243.1258667002
-35287.9103733358,-7244.3969042832
-35288.6626200686,-7245.6679418662
-35289.4148668014,-7246.9389794492
-35290.1671135342,-7248.2100170322
-35290.9193602670,-7249.4810546152
-35291.6716069998,-7250.7520921982
-35292.4238537326,-7252.0231297812
-35293.1761004654,-7253.2941673642
-35293.9283471982,-7254.5652049472
-35294.6805939310,-7255.8362425301
-35295.4328406638,-7257.1072801131
-35296.1850873965,-7258.3783176961
-35296.9373341293,-7259.6493552791
-35297.6895808621,-7260.9203928621
-35298.4418275949,-7262.1914304451
-35299.1940743277,-7263.4624680281
-35299.9463210605,-7264.7335056111
-35300.6985677933,-7266.0045431941
-35301.4508145261,-7267.2755807771
-35302.2030612589,-7268.5466183601
-35302.9553079917,-7269.8176559431
-35303.7075547245,-7271.0886935261
-35304.4598014573,-7272.3597311091
-35305.2120481901,-7273.6307686921
-35305.9642949229,-7274.9018062751
-35306.7165416557,-7276.1728438581
-35307.4687883885,-7277.4438814411
-35308.2210351212,-7278.7149190241
-35308.9732818540,-7279.9859566071
-35309.7255285868,-7281.2569941901
-35310.4777753196,-7282.5280317731
-35311.2300220524,-7283.7990693561
-35312.6048178055,-7285.0701069391
-35313.9796135585,-7286.3411445220
-35315.3544093115,-7287.6121821050
-35316.7292050646,-7288.8832196880
-35318.1040008176,-7290.1542572710
-35319.4787965706,-7291.4252948540
-35320.8535923237,-7292.6963324370
-35322.2283880767,-7293.9673700200
-35323.6031838297,-7295.2384076030
-35324.9779795828,-7296.5094451860
-35326.3527753358,-7297.7804827690
-35327.7275710889,-7299.0515203520
-35329.1023668419,-7300.3225579350
-35330.4771625949,-7301.5935955180
-35331.8519583480,-7302.8646331010
-35333.2267541010,-7304.1356706840
-35334.6015498540,-7305.4067082670
-35335.9763456071,-7306.6777458500
-35337.3511413601,-7307.9487834330
-35338.7259371131,-7309.2198210160
-35340.1007328662,-7310.4908585990
-35341.4755286192,-7311.7618961820
-35342.8503243722,-7313.0329337650
-35344.2251201253,-7314.3039713480
-35345.5999158783,-7315.5750089310
-35346.9747116314,-7316.8460465139
-35348.3495073844,-7318.1170840969
-35349.7243031374,-7319.3881216799
-35351.0990988905,-7320.6591592629
-35352.4738946435,-7321.9301968459
-35353.8486903965,-7323.2012344289
-35355.2234861496,-7324.4722720119
-35356.5982819026,-7325.7433095949
-35357.9730776556,-7327.0143471779
-35359.3478734087,-7328.2853847609
-35360.7226691617,-7329.5564223439
-35362.0974649148,-7330.8274599269
-35363.4722606678,-7332.0984975099
-35364.8470564208,-7333.3695350929
-35366.2218521739,-7334.6405726759
-35367.5966479269,-7335.9116102589
-35368.9714436799,-7337.1826478419
-35370.3462394330,-7338.4536854249
-35371.7210351860,-7339.7247230079
-35373.0958309391,-7340.9957605909
-35374.4706266921,-7342.2667981739
-35375.8454224451,-7343.5378357569
-35377.2202181982,-7344.8088733399
-35378.5950139512,-7346.0799109228
-35379.9698097042,-7347.3509485058
-35381.3446054573,-7348.6219860888
-35383.8348015382,-7350.1524190969
-35386.3249976192,-7351.6828521050
-35388.8151937002,-7353.2132851131
-35391.3053897812,-7354.7437181212
-35393.7955858621,-7356.2741511293
-35396.2857819431,-7357.8045841374
-35398.7759780241,-7359.3350171455
-35401.2661741050,-7360.8654501536
-35403.7563701860,-7362.3958831617
-35406.2465662670,-7363.9263161698
-35408.7367623480,-7365.4567491779
-35411.2269584289,-7366.9871821860
-35413.7171545099,-7368.5176151941
-35416.2073505909,-7370.0480482022
-35418.6975466718,-7371.5784812103
-35421.1877427528,-7373.1089142184
-35423.6779388338,-7374.6393472265
-35426.1681349148,-7376.1697802346
-35428.6583309957,-7377.7002132427
-35431.1485270767,-7379.2306462508
-35433.6387231577,-7380.7610792589
-35436.1289192386,-7382.2915122670
-35438.6191153196,-7383.8219452751
-35441.1093114006,-7385.3523782832
-35443.5995074816,-7386.8828112913
-35446.0897035625,-7388.4132442994
-35448.5798996435,-7389.9436773075
-35451.0700957245,-7391.4741103156
-35453.5602918054,-7393.0045433237
-35456.0504878864,-7394.5349763318
-35458.5406839674,-7396.0654093398
-35461.0308800484,-7397.5958423479
-35463.5210761293,-7399.1262753560
-35466.0112722103,-7400.6567083641
-35468.5014682913,-7402.1871413722
-35470.9916643722,-7403.7175743803
-35473.4818604532,-7405.2480073884
-35475.9720565342,-7406.7784403965
-35478.4622526152,-7408.3088734046
-35480.9524486961,-7409.8393064127
-35483.4426447771,-7411.3697394208
-35485.9328408581,-7412.9001724289
-35488.4230369390,-7414.4306054370
-35490.9132330200,-7415.9610384451
-35493.4034291010,-7417.4914714532
-35495.8936251819,-7419.0219044613
-35498.3838212629,-7420.5523374694
-35500.8740173439,-7422.0827704775
-35503.3642134249,-7423.6132034856
-35505.8544095058,-7425.1436364937
-35508.3446055868,-7426.6740695018
-35510.7829225828,-7427.7116512022
-35513.2212395787,-7428.7492329026
-35515.6595565747,-7429.7868146030
-35518.0978735706,-7430.8243963034
-35520.5361905666,-7431.8619780038
-35522.9745075625,-7432.8995597042
-35525.4128245585,-7433.9371414046
-35527.8511415544,-7434.9747231050
-35530.2894585504,-7436.0123048054
-35532.7277755463,-7437.0498865058
-35535.1660925423,-7438.0874682062
-35537.6044095382,-7439.1250499066
-35540.0427265342,-7440.1626316070
-35542.4810435301,-7441.2002133075
-35544.9193605261,-7442.2377950079
-35547.3576775220,-7443.2753767083
-35549.7959945180,-7444.3129584087
-35552.2343115139,-7445.3505401091
-35554.6726285099,-7446.3881218095
-35557.1109455058,-7447.4257035099
-35559.5492625018,-7448.4632852103
-35561.9875794977,-7449.5008669107
-35564.4258964937,-7450.5384486111
-35566.8642134896,-7451.5760303115
-35569.3025304856,-7452.6136120119
-35571.7408474815,-7453.6511937123
-35574.1791644775,-7454.6887754127
-35576.6174814734,-7455.7263571131
-35579.0557984694,-7456.7639388135
-35581.4941154653,-7457.8015205139
-35583.9324324613,-7458.8391022143
-35586.3707494572,-7459.8766839147
-35588.8090664532,-7460.9142656151
-35591.2473834491,-7461.9518473155
-35593.6857004451,-7462.9894290160
-35596.1240174410,-7464.0270107164
-35598.5623344370,-7465.0645924168
-35601.0006514329,-7466.1021741172
-35603.4389684289,-7467.1397558176
-35605.8772854248,-7468.1773375180
-35608.3156024208,-7469.2149192184
-35610.7539194168,-7470.2525009188
-35613.1922364127,-7471.2900826192
-35615.6305534087,-7472.3276643196
-35618.0688704046,-7473.3652460200
-35620.5071874006,-7474.4028277204
-35622.9455043965,-7475.4404094208
-35625.3838213925,-7476.4779911212
-35627.8221383884,-7477.5155728216
-35630.2604553844,-7478.5531545220
-35632.6987723803,-7479.5907362224
-35634.8776939512,-7480.5764388378
-35637.0566155220,-7481.5621414532
-35639.2355370929,-7482.5478440686
-35641.4144586637,-7483.5335466840
-35643.5933802346,-7484.5192492994
-35645.7723018054,-7485.5049519147
-35647.9512233763,-7486.4906545301
-35650.1301449471,-7487.4763571455
-35652.3090665180,-7488.4620597609
-35654.4879880888,-7489.4477623763
-35656.6669096597,-7490.4334649917
-35658.8458312305,-7491.4191676070
-35661.0247528014,-7492.4048702224
-35663.2036743722,-7493.3905728378
-35665.3825959431,-7494.3762754532
-35667.5615175139,-7495.3619780686
-35669.7404390848,-7496.3476806840
-35671.9193606556,-7497.3333832994
-35674.0982822265,-7498.3190859147
-35676.2772037973,-7499.3047885301
-35678.4561253682,-7500.2904911455
-35680.6350469390,-7501.2761937609
-35682.8139685099,-7502.2618963763
-35684.9928900807,-7503.2475989917
-35687.1718116516,-7504.2333016070
-35689.3507332224,-7505.2190042224
-35691.5296547933,-7506.2047068378
-35693.7085763641,-7507.1904094532
-35695.8874979350,-7508.1761120686
-35698.0664195058,-7509.1618146840
-35700.2453410767,-7510.1475172993
-35702.4242626475,-7511.1332199147
-35704.6031842184,-7512.1189225301
-35706.7821057892,-7513.1046251455
-35708.9610273601,-7514.0903277609
-35711.1399489309,-7515.0760303763
-35713.3188705018,-7516.0617329917
-35715.4977920726,-7517.0474356070
-35717.6767136435,-7518.0331382224
-35719.8556352143,-7519.0188408378
-35722.0345567852,-7520.0045434532
-35724.2134783560,-7520.9902460686
-35726.3923999269,-7521.9759486840
-35728.5713214977,-7522.9616512993
-35730.7502430686,-7523.9473539147
-35732.9291646394,-7524.9330565301
-35735.1080862103,-7525.9187591455
-35737.2870077811,-7526.9044617609
-35739.4659293520,-7527.8901643763
-35741.6448509228,-7528.8758669917
-35743.8237724937,-7529.8615696070
-35745.0688705341,-7530.5619372548
-35746.3139685746,-7531.2623049026
-35747.5590666151,-7531.9626725504
-35748.8041646556,-7532.6630401981
-35750.0492626961,-7533.3634078459
-35751.2943607366,-7534.0637754937
-35752.5394587771,-7534.7641431415
-35753.7845568176,-7535.4645107892
-35755.0296548580,-7536.1648784370
-35756.2747528985,-7536.8652460848
-35757.5198509390,-7537.5656137325
-35758.7649489795,-7538.2659813803
-35760.0100470200,-7538.9663490281
-35761.2551450605,-7539.6667166759
-35762.5002431010,-7540.3670843236
-35763.7453411414,-7541.0674519714
-35764.9904391819,-7541.7678196192
-35766.2355372224,-7542.4681872670
-35767.4806352629,-7543.1685549147
-35768.7257333034,-7543.8689225625
-35769.9708313439,-7544.5692902103
-35771.2159293844,-7545.2696578580
-35772.4610274248,-7545.9700255058
-35773.7061254653,-7546.6703931536
-35774.9512235058,-7547.3707608014
-35776.1963215463,-7548.0711284491
-35777.4414195868,-7548.7714960969
-35778.6865176273,-7549.4718637447
-35779.9316156677,-7550.1722313925
-35781.1767137082,-7550.8725990402
-35782.4218117487,-7551.5729666880
-35783.6669097892,-7552.2733343358
-35784.9120078297,-7552.9737019836
-35786.1571058702,-7553.6740696313
-35787.4022039107,-7554.3744372791
-35788.6473019511,-7555.0748049269
-35789.8923999916,-7555.7751725746
-35791.1374980321,-7556.4755402224
-35792.3825960726,-7557.1759078702
-35793.6276941131,-7557.8762755180
-35794.8727921536,-7558.5766431657
-35796.1178901941,-7559.2770108135
-35797.3629882346,-7559.9773784613
-35798.6080862750,-7560.6777461091
-35799.8531843155,-7561.3781137568
-35801.0982823560,-7562.0784814046
-35802.3433803965,-7562.7788490524
-35803.5884784370,-7563.4792167002
-35804.8335764775,-7564.1795843479
-35806.0786745180,-7564.8799519957
-35807.3237725584,-7565.5803196435
-35808.1019588337,-7566.2547477487
-35808.8801451090,-7566.9291758540
-35809.6583313843,-7567.6036039593
-35810.4365176597,-7568.2780320645
-35811.2147039350,-7568.9524601698
-35811.9928902103,-7569.6268882751
-35812.7710764856,-7570.3013163803
-35813.5492627609,-7570.9757444856
-35814.3274490362,-7571.6501725908
-35815.1056353115,-7572.3246006961
-35815.8838215868,-7572.9990288014
-35816.6620078621,-7573.6734569066
-35817.4401941374,-7574.3478850119
-35818.2183804127,-7575.0223131172
-35818.9965666880,-7575.6967412224
-35819.7747529633,-7576.3711693277
-35820.5529392386,-7577.0455974329
-35821.3311255139,-7577.7200255382
-35822.1093117892,-7578.3944536435
-35822.8874980645,-7579.0688817487
-35823.6656843398,-7579.7433098540
-35824.4438706151,-7580.4177379593
-35825.2220568904,-7581.0921660645
-35826.0002431657,-7581.7665941698
-35826.7784294410,-7582.4410222750
-35827.5566157163,-7583.1154503803
-35828.3348019916,-7583.7898784856
-35829.1129882669,-7584.4643065908
-35829.8911745422,-7585.1387346961
-35830.6693608175,-7585.8131628014
-35831.4475470928,-7586.4875909066
-35832.2257333681,-7587.1620190119
-35833.0039196434,-7587.8364471172
-35833.7821059188,-7588.5108752224
-35834.5602921941,-7589.1853033277
-35835.3384784694,-7589.8597314329
-35836.1166647447,-7590.5341595382
-35836.8948510200,-7591.2085876435
-35837.6730372953,-7591.8830157487
-35838.4512235706,-7592.5574438540
-35839.2294098459,-7593.2318719593
-35840.0075961212,-7593.9063000645
-35840.7857823965,-7594.5807281698
-35841.5639686718,-7595.2551562750
-35842.3421549471,-7595.9295843803
-35843.1203412224,-7596.6040124856
-35843.8985274977,-7597.2784405908
-35844.6767137730,-7597.9528686961
-35845.4549000483,-7598.6272968014
-35846.2330863236,-7599.3017249066
-35847.0112725989,-7599.9761530119
-35848.0747938418,-7602.0513164127
-35849.1383150847,-7604.1264798135
-35850.2018363277,-7606.2016432143
-35851.2653575706,-7608.2768066151
-35852.3288788135,-7610.3519700159
-35853.3924000564,-7612.4271334167
-35854.4559212993,-7614.5022968176
-35855.5194425422,-7616.5774602184
-35856.5829637851,-7618.6526236192
-35857.6464850281,-7620.7277870200
-35858.7100062710,-7622.8029504208
-35859.7735275139,-7624.8781138216
-35860.8370487568,-7626.9532772224
-35861.9005699997,-7629.0284406232
-35862.9640912426,-7631.1036040240
-35864.0276124856,-7633.1787674248
-35865.0911337285,-7635.2539308257
-35866.1546549714,-7637.3290942265
-35867.2181762143,-7639.4042576273
-35868.2816974572,-7641.4794210281
-35869.3452187001,-7643.5545844289
-35870.4087399430,-7645.6297478297
-35871.4722611860,-7647.7049112305
-35872.5357824289,-7649.7800746313
-35873.5993036718,-7651.8552380321
-35874.6628249147,-7653.9304014329
-35875.7263461576,-7656.0055648337
-35876.7898674005,-7658.0807282346
-35877.8533886434,-7660.1558916354
-35878.9169098864,-7662.2310550362
-35879.9804311293,-7664.3062184370
-35881.0439523722,-7666.3813818378
-35882.1074736151,-7668.4565452386
-35883.1709948580,-7670.5317086394
-35884.2345161009,-7672.6068720402
-35885.2980373439,-7674.6820354410
-35886.3615585868,-7676.7571988418
-35887.4250798297,-7678.8323622426
-35888.4886010726,-7680.9075256435
-35889.5521223155,-7682.9826890443
-35890.6156435584,-7685.0578524451
-35891.6791648013,-7687.1330158459
-35892.7426860443,-7689.2081792467
-35893.8062072872,-7691.2833426475
-35894.8697285301,-7693.3585060483
-35895.9332497730,-7695.4336694491
-35896.9967710159,-7697.5088328499
-35898.0602922588,-7699.5839962507
-35899.1238135017,-7701.6591596516
-35900.1873347447,-7703.7343230524
-35901.2508559876,-7705.8094864532
-35901.5102514127,-7706.4320354734
-35901.7696468378,-7707.0545844937
-35902.0290422629,-7707.6771335139
-35902.2884376880,-7708.2996825341
-35902.5478331131,-7708.9222315544
-35902.8072285382,-7709.5447805746
-35903.0666239633,-7710.1673295949
-35903.3260193884,-7710.7898786151
-35903.5854148135,-7711.4124276354
-35903.8448102386,-7712.0349766556
-35904.1042056637,-7712.6575256758
-35904.3636010888,-7713.2800746961
-35904.6229965139,-7713.9026237163
-35904.8823919390,-7714.5251727366
-35905.1417873641,-7715.1477217568
-35905.4011827892,-7715.7702707771
-35905.6605782143,-7716.3928197973
-35905.9199736394,-7717.0153688175
-35906.1793690645,-7717.6379178378
-35906.4387644896,-7718.2604668580
-35906.6981599147,-7718.8830158783
-35906.9575553398,-7719.5055648985
-35907.2169507649,-7720.1281139188
-35907.4763461900,-7720.7506629390
-35907.7357416151,-7721.3732119592
-35907.9951370402,-7721.9957609795
-35908.2545324653,-7722.6183099997
-35908.5139278904,-7723.2408590200
-35908.7733233155,-7723.8634080402
-35909.0327187406,-7724.4859570605
-35909.2921141657,-7725.1085060807
-35909.5515095908,-7725.7310551009
-35909.8109050159,-7726.3536041212
-35910.0703004410,-7726.9761531414
-35910.3296958661,-7727.5987021617
-35910.5890912912,-7728.2212511819
-35910.8484867163,-7728.8438002022
-35911.1078821414,-7729.4663492224
-35911.3672775665,-7730.0888982426
-35911.6266729916,-7730.7114472629
-35911.8860684167,-7731.3339962831
-35912.1454638418,-7731.9565453034
-35912.4048592669,-7732.5790943236
-35912.6642546920,-7733.2016433439
-35912.9236501171,-7733.8241923641
-35913.1830455422,-7734.4467413843
-35913.4424409673,-7735.0692904046
-35913.7018363924,-7735.6918394248
-35913.9612318175,-7736.3143884451
-35914.2206272426,-7736.9369374653
-35914.4800226677,-7737.5594864856
-35915.1544507730,-7738.6230077285
-35915.8288788783,-7739.6865289714
-35916.5033069835,-7740.7500502143
-35917.1777350888,-7741.8135714572
-35917.8521631940,-7742.8770927001
-35918.5265912993,-7743.9406139430
-35919.2010194046,-7745.0041351860
-35919.8754475098,-7746.0676564289
-35920.5498756151,-7747.1311776718
-35921.2243037204,-7748.1946989147
-35921.8987318256,-7749.2582201576
-35922.5731599309,-7750.3217414005
-35923.2475880362,-7751.3852626435
-35923.9220161414,-7752.4487838864
-35924.5964442467,-7753.5123051293
-35925.2708723519,-7754.5758263722
-35925.9453004572,-7755.6393476151
-35926.6197285625,-7756.7028688580
-35927.2941566677,-7757.7663901009
-35927.9685847730,-7758.8299113439
-35928.6430128783,-7759.8934325868
-35929.3174409835,-7760.9569538297
-35929.9918690888,-7762.0204750726
-35930.6662971940,-7763.0839963155
-35931.3407252993,-7764.1475175584
-35932.0151534046,-7765.2110388013
-35932.6895815098,-7766.2745600443
-35933.3640096151,-7767.3380812872
-35934.0384377204,-7768.4016025301
-35934.7128658256,-7769.4651237730
-35935.3872939309,-7770.5286450159
-35936.0617220361,-7771.5921662588
-35936.7361501414,-7772.6556875017
-35937.4105782467,-7773.7192087447
-35938.0850063519,-7774.7827299876
-35938.7594344572,-7775.8462512305
-35939.4338625625,-7776.9097724734
-35940.1082906677,-7777.9732937163
-35940.7827187730,-7779.0368149592
-35941.4571468783,-7780.1003362022
-35942.1315749835,-7781.1638574451
-35942.8060030888,-7782.2273786880
-35943.4804311940,-7783.2908999309
-35944.1548592993,-7784.3544211738
-35944.8292874046,-7785.4179424167
-35945.5037155098,-7786.4814636596
-35946.1781436151,-7787.5449849026
-35946.8525717204,-7788.6085061455
-35947.5269998256,-7789.6720273884
-35948.2014279309,-7790.7355486313
-35948.8758560361,-7791.7990698742
